reaction name	reaction smarts	conditions	conditions described	by-products	reference	OX/RED	W/WF	irreversible	RATE	incompatible groups	protic/aprotic	polar/non-polar	temperature	rxid																												
Aldehyde protonation	[#6+0:1][CX3H:2]=[OX1:3]>>[*:1][C:2]=[OH+:3]	WA.A.SA	H2SO4	OS(=O)(=O)[O-]	Organic Chemistry, 7th Edition L. G. Wade, Jr p. 842 and 10.1021/jm00110a008	NA	W.WF	N	F	O=[CX2]=[CX3].[#6][Mg,Cu][*].[#6][Zn][*].[#6][Li].*[CX2H0]*.*[CX2H].[CX3-,CX2-].[C-]#C.[#6][N-,S-,O-,Se-]	P.AP	P.Non-P	L.rt.H.VH	rx1																												
Amine addition to protonated aldehyde	[#6+0:1][CX3H:2]=[OH+:59].[NX3H2:5][CX4H2:4][#6:6]>>[*:1][C:2]=[NX3H+:5][C:4][*:6].[O+0:59]	WA	AcOH	-	10.1007/s00044-017-2104-6 and 10.1016/j.tet.2011.01.067	NA	W.WF	N	F	[#6][BR0]([OX2][CX4!H0])[OX2][CX4!H0].[N]=[N][NX3!H0].[#6][NX3H][N+](=[O])[O-].[N+](=O)([O-])[CX4]([N+](=O)[O-])[CX4][OH].[N+](=O)([O-])[CX4]([N+](=O)[O-])[CX4][NX3H][CX4,c].[N+](=O)([O-])[CX4]([N+](=O)[O-])[N+](=O)[O-].[OH][CX4][OH0R].[OH][CX4][OH0R0].[NX3H2][CX4][OH0].[NX3][CX4R0][OH].[#6][CX3](=O)[O][CX3](=O)[#6].[CX4][SX2H].[#6][SX3](=O)[OH].[CX4,c][SeX2H].[CX4,c][SeX2][SeX2][CX4,c].[#6][SeX3](=O)[#6].[#6][SX3](=O)[CX4H2,CX4H1].[#6][SeX3](=O)[OH].[NX3][N+](=O)[O-].[Sn,Si,P][Cl,Br,I,F].[#6][CX3H]=[NH].[#6][CX3]([#6,O,S])=[NH].[N,n][CX3]([O,S])=[NH].[CX3H2]=[N,NX3].[CX4!H0,CX2][N+](=O)[O-].[#6]O[N+]([O-])=O.[#6,#7][NX2]=O.[#6,O,N,S][CX3](=[O,N,S])[F,Cl,Br,I].[n][CX3](=[O,S])[n].[CX3][N]=[N+]=[N-].[c][N+]#[NX1].[CX4][N+]#[NX1].[#6]O[OH].O=[CX2]=[CX3].[#6][Mg,Cu][*].[#6][Zn][*].[#6][Li].[*]N=C=[O].[N+][N-][N+].[O-][N+](=O)CN=[N+]=[N-].[NX4+,nX3+][NH2].[*]N=C=[S].[CX4]1[CX4][CX4][SX2]1.c1cc[o+]cc1.[Sn,Si,P][Cl,Br,I,F].[C]=[N+]([O-])[#6,OH].[#6,NX3][S](=O)(=O)[Cl,Br,I].[#6][SeX4](=O)(=O)[#6].[CX4][SeX2][Cl,Br,I].[#6][CX3](=[N])[OH0].[#6][CX3](=[O])[SX2H0].[NX3H2][CX3]=[CX3].[AlX3].[#6][CX3](=[N][O])[NX3+]([O-])=[O].[CX4H2]I.[CX4H1,CX4H0]I.[CX4][O]S(=O)(=O).[#6][NX3][OH].[#6][NX3H][O].[CX4][NX3H2].[#6][NX3,n][NX3!H0].[#6][CX3](=[S])[NX3H].[#6][CX3](=[S])[NX3H2].[CX4](O1)[CX4]1.[CX4]([NX3]1)[CX4]1.[CX2H]#[CX2][CX3](=O)[OH0,SX2H0].[CH2]=[CX3][CX3](=O)[OH].[CX2H]#[CX2][CX3](=O)[OH].[CX3]=[CX3][N+](=O)[O-].[CX2H]#[CX2][N+](=O)[O-].[CH2]=[CX3]C#N.[CX2H]#[CX2]C#N.[CH2]=[CX3][CX3](=O)[NX3].[CX2H]#[CX2][CX3](=O)[NX3].[CH2]=[CX3]P(=O).[CH]#[CX2]P(=O).[CH2]=[CX3]S(=O).[CH]#[CX2]S(=O).[CH2]=[CX3]C(F)(F)(F).[CH]#[CX2]C(F)(F)(F).[CX3H2]=[CX3][C](=O)[#6].[CX2H]#[CX2][C](=O)[#6].[CX2H]#[CX2][CX3H](=O).[CX4H2,CX4H3][NX3H][CX4H2,CX4H3].[#6][CX3](=O)[O][PX4,SX4,SX3].[CX3](=[O,S])[C]#[N].[#6][CX3](=[N][NX3H2])[#6].[#6][CX3H]=[N][NX3H2].[#6][CX3](=[N][NX3H][CX4])[#6].[#6][CX3H]=[N][NX3H][CX4].[#6][CX3](=[N][NX3H][#6])[#6].[#6][CX3H]=[N][NX3H][#6].[#6][S](=[O])[NX3][N]=[CX3H][#6].[#6][S](=[O])[NX3][N]=[CX3]([#6])[#6].[#6][CX3](=[N][NX3H0])[#6].[#6][CX3H]=[N][NX3H0].[#6][BR]([O][CX4H2,c])[OX2][CX4H2,c].[#6][B]([OX2H])[OX2][CX4,c].[#6,N,O][CX3](=O)OC(=N)N.[#6][CX2]#[N+][#6,O].[#6][Pd].[#6][OX2][Mn].[PX4]=[N].[CX3,N]=[CX3][OH,SH].[#6][S]C#N.[NX3][CX3](=[S])[SX2H0].[NX3,OH0][CX3](=[O])[OH].[SX3+].[#6][CX3H]=O.*[CX2H0]*.*[CX2H].[#6][CX3](=S)[#6].[*][NX3+]1=COC(=O)C1.[CX2,CX3,CX4,O][B]([OH])[OH].[nH,nH0]c[B]([OH])[OH].[CX3]1=[CX3][CX4]1.[N]=[N][N-,N!H0+].[#6][N-,NH2+][N+](=[O])[O-].[N+](=O)([O-])[CX4]([N+](=O)[O-])[CX4][O-,OH2+].[N+](=O)([O-])[CX4]([N+](=O)[O-])[CX4][NH2+,N-][CX4,c].[O-,O+][CX4][OH0R].[OH][CX4][OX3H+R].[O-,O+][CX4][OH0R0].[OH][CX4][OX3H+R0].[N]!@[CX4][O,N].[N][CX4R0][O-,OH2+].[CX4][S-,SH2+].[*][S][S][*].[CX4]([S]1)[CX4]1.[N][F].[#6][SX3](=O)[C-].[#6][SeX3](=O)[O-,OH2+].[N+,N-][N+](=O)[O-].[CX4,c][S,Se][Cl,Br,I].[#6][CX3H]=[N-,NH2+].[#6][CX3]([#6,O,S])=[N-,NH2+].[N,n][CX3]([O,S])=[NH2+,N-].[C-][N+](=O)[O-].[#6]O[O-,OH2+].[N][F].[NX4+,nX3+][NH3+,NH-].[O,N][CX3](=[S])[S].[#6][SnX4!H0].[#6][CX3](=[S])[O][#6].[NH-,NH3+][CX3]=[CX3].CC(=O)On1ccccc1=S.[#6][N+0][O-,OH2+].[#6][N-,NH2+][OH].[#6][NH2+,N-][O].[CX4][NH3+,NH-].[#6][N,n][N!H0+,N-].[#6][CX3](=[S])[NH0-].[#6][CX3](=[S])[NH-].[CX3H](=[N])[N].[CX4]([N+,N-]1)[CX4]1.[CH2]=[CX3][CX3](=O)[OH0,SH0].[CH2]=[CX3][CX3](=O)[O-].[C-]#[CX2][CX3](=O)[OH].[C-]#[CX2][N+](=O)[O-].[C-]#[CX2]C#N.[CH2]=[CX3][CX3](=O)[N-].[C-]#[CX2][CX3](=O)[N].[C-]#[CX2]P(=O).[C-]#[CX2]S(=O).[C-]#[CX2]C(F)(F)(F).[C-]#[CX2][C](=O)[#6].[C-]#[CX2][CX3H](=O).[CX4H2,CX4H3][N-,NH2+][CX4H2,CX4H3].[#6][CX3](=[N][NH3+,NH-])[#6].[#6][CX3H]=[N][NH3+,NH-].[#6][CX3](=[N][N-,NH2+][CX4])[#6].[#6][CX3H]=[N][N-,NH2+][CX4].[#6][CX3](=[N][N-,NH2+][#6])[#6].[#6][CX3H]=[N][N-,NH2+][#6].[#6][S](=[O])[N-,N+][N]=[CX3H][#6].[#6][S](=[O])[N-,N+][N]=[CX3]([#6])[#6].[#6][CX3](=[N][N+,N-])[#6].[#6][CX3H]=[N][N+,N-].[CX3,N]=[CX3][O-,OH2+,S-,SH2+].[#6][O][CX3](=S)[S].[N,O][CX3](=[O])[O-,OH2+].[CX3-,CX2-].[C-]#C.[#6][N-,S-,O-,Se-].[CX3+]	P.AP	P.Non-P	rt.H	rx2																												
Amine addition to protonated aldehyde	[#6+0:1][CX3H:2]=[OH+:59].[NX3H2:5][CX4H3:4]>>[*:1][C:2]=[NX3H+:5][CX4H3:4].[O:59]	WA	AcOH	-	10.1007/s00044-017-2104-6 and 10.1016/j.tet.2011.01.067	NA	W.WF	N	F	[#6][BR0]([OX2][CX4!H0])[OX2][CX4!H0].[N]=[N][NX3!H0].[#6][NX3H][N+](=[O])[O-].[N+](=O)([O-])[CX4]([N+](=O)[O-])[CX4][OH].[N+](=O)([O-])[CX4]([N+](=O)[O-])[CX4][NX3H][CX4,c].[N+](=O)([O-])[CX4]([N+](=O)[O-])[N+](=O)[O-].[OH][CX4][OH0R].[OH][CX4][OH0R0].[NX3H2][CX4][OH0].[NX3][CX4R0][OH].[#6][CX3](=O)[O][CX3](=O)[#6].[CX4][SX2H].[#6][SX3](=O)[OH].[CX4,c][SeX2H].[CX4,c][SeX2][SeX2][CX4,c].[#6][SeX3](=O)[#6].[#6][SX3](=O)[CX4H2,CX4H1].[#6][SeX3](=O)[OH].[NX3][N+](=O)[O-].[Sn,Si,P][Cl,Br,I,F].[#6][CX3H]=[NH].[#6][CX3]([#6,O,S])=[NH].[N,n][CX3]([O,S])=[NH].[CX3H2]=[N,NX3].[CX4!H0,CX2][N+](=O)[O-].[#6]O[N+]([O-])=O.[#6,#7][NX2]=O.[#6,O,N,S][CX3](=[O,N,S])[F,Cl,Br,I].[n][CX3](=[O,S])[n].[CX3][N]=[N+]=[N-].[c][N+]#[NX1].[CX4][N+]#[NX1].[#6]O[OH].O=[CX2]=[CX3].[#6][Mg,Cu][*].[#6][Zn][*].[#6][Li].[*]N=C=[O].[N+][N-][N+].[O-][N+](=O)CN=[N+]=[N-].[NX4+,nX3+][NH2].[*]N=C=[S].[CX4]1[CX4][CX4][SX2]1.c1cc[o+]cc1.[Sn,Si,P][Cl,Br,I,F].[C]=[N+]([O-])[#6,OH].[#6,NX3][S](=O)(=O)[Cl,Br,I].[#6][SeX4](=O)(=O)[#6].[CX4][SeX2][Cl,Br,I].[#6][CX3](=[N])[OH0].[#6][CX3](=[O])[SX2H0].[NX3H2][CX3]=[CX3].[AlX3].[#6][CX3](=[N][O])[NX3+]([O-])=[O].[CX4H2]I.[CX4H1,CX4H0]I.[CX4][O]S(=O)(=O).[#6][NX3][OH].[#6][NX3H][O].[CX4][NX3H2].[#6][NX3,n][NX3!H0].[#6][CX3](=[S])[NX3H].[#6][CX3](=[S])[NX3H2].[CX4](O1)[CX4]1.[CX4]([NX3]1)[CX4]1.[CX2H]#[CX2][CX3](=O)[OH0,SX2H0].[CH2]=[CX3][CX3](=O)[OH].[CX2H]#[CX2][CX3](=O)[OH].[CX3]=[CX3][N+](=O)[O-].[CX2H]#[CX2][N+](=O)[O-].[CH2]=[CX3]C#N.[CX2H]#[CX2]C#N.[CH2]=[CX3][CX3](=O)[NX3].[CX2H]#[CX2][CX3](=O)[NX3].[CH2]=[CX3]P(=O).[CH]#[CX2]P(=O).[CH2]=[CX3]S(=O).[CH]#[CX2]S(=O).[CH2]=[CX3]C(F)(F)(F).[CH]#[CX2]C(F)(F)(F).[CX3H2]=[CX3][C](=O)[#6].[CX2H]#[CX2][C](=O)[#6].[CX2H]#[CX2][CX3H](=O).[CX4H2,CX4H3][NX3H][CX4H2,CX4H3].[#6][CX3](=O)[O][PX4,SX4,SX3].[CX3](=[O,S])[C]#[N].[#6][CX3](=[N][NX3H2])[#6].[#6][CX3H]=[N][NX3H2].[#6][CX3](=[N][NX3H][CX4])[#6].[#6][CX3H]=[N][NX3H][CX4].[#6][CX3](=[N][NX3H][#6])[#6].[#6][CX3H]=[N][NX3H][#6].[#6][S](=[O])[NX3][N]=[CX3H][#6].[#6][S](=[O])[NX3][N]=[CX3]([#6])[#6].[#6][CX3](=[N][NX3H0])[#6].[#6][CX3H]=[N][NX3H0].[#6][BR]([O][CX4H2,c])[OX2][CX4H2,c].[#6][B]([OX2H])[OX2][CX4,c].[#6,N,O][CX3](=O)OC(=N)N.[#6][CX2]#[N+][#6,O].[#6][Pd].[#6][OX2][Mn].[PX4]=[N].[CX3,N]=[CX3][OH,SH].[#6][S]C#N.[NX3][CX3](=[S])[SX2H0].[NX3,OH0][CX3](=[O])[OH].[SX3+].[#6][CX3H]=O.*[CX2H0]*.*[CX2H].[#6][CX3](=S)[#6].[*][NX3+]1=COC(=O)C1.[CX2,CX3,CX4,O][B]([OH])[OH].[nH,nH0]c[B]([OH])[OH].[CX3]1=[CX3][CX4]1.[N]=[N][N-,N!H0+].[#6][N-,NH2+][N+](=[O])[O-].[N+](=O)([O-])[CX4]([N+](=O)[O-])[CX4][O-,OH2+].[N+](=O)([O-])[CX4]([N+](=O)[O-])[CX4][NH2+,N-][CX4,c].[O-,O+][CX4][OH0R].[OH][CX4][OX3H+R].[O-,O+][CX4][OH0R0].[OH][CX4][OX3H+R0].[N]!@[CX4][O,N].[N][CX4R0][O-,OH2+].[CX4][S-,SH2+].[*][S][S][*].[CX4]([S]1)[CX4]1.[N][F].[#6][SX3](=O)[C-].[#6][SeX3](=O)[O-,OH2+].[N+,N-][N+](=O)[O-].[CX4,c][S,Se][Cl,Br,I].[#6][CX3H]=[N-,NH2+].[#6][CX3]([#6,O,S])=[N-,NH2+].[N,n][CX3]([O,S])=[NH2+,N-].[C-][N+](=O)[O-].[#6]O[O-,OH2+].[N][F].[NX4+,nX3+][NH3+,NH-].[O,N][CX3](=[S])[S].[#6][SnX4!H0].[#6][CX3](=[S])[O][#6].[NH-,NH3+][CX3]=[CX3].CC(=O)On1ccccc1=S.[#6][N+0][O-,OH2+].[#6][N-,NH2+][OH].[#6][NH2+,N-][O].[CX4][NH3+,NH-].[#6][N,n][N!H0+,N-].[#6][CX3](=[S])[NH0-].[#6][CX3](=[S])[NH-].[CX3H](=[N])[N].[CX4]([N+,N-]1)[CX4]1.[CH2]=[CX3][CX3](=O)[OH0,SH0].[CH2]=[CX3][CX3](=O)[O-].[C-]#[CX2][CX3](=O)[OH].[C-]#[CX2][N+](=O)[O-].[C-]#[CX2]C#N.[CH2]=[CX3][CX3](=O)[N-].[C-]#[CX2][CX3](=O)[N].[C-]#[CX2]P(=O).[C-]#[CX2]S(=O).[C-]#[CX2]C(F)(F)(F).[C-]#[CX2][C](=O)[#6].[C-]#[CX2][CX3H](=O).[CX4H2,CX4H3][N-,NH2+][CX4H2,CX4H3].[#6][CX3](=[N][NH3+,NH-])[#6].[#6][CX3H]=[N][NH3+,NH-].[#6][CX3](=[N][N-,NH2+][CX4])[#6].[#6][CX3H]=[N][N-,NH2+][CX4].[#6][CX3](=[N][N-,NH2+][#6])[#6].[#6][CX3H]=[N][N-,NH2+][#6].[#6][S](=[O])[N-,N+][N]=[CX3H][#6].[#6][S](=[O])[N-,N+][N]=[CX3]([#6])[#6].[#6][CX3](=[N][N+,N-])[#6].[#6][CX3H]=[N][N+,N-].[CX3,N]=[CX3][O-,OH2+,S-,SH2+].[#6][O][CX3](=S)[S].[N,O][CX3](=[O])[O-,OH2+].[CX3-,CX2-].[C-]#C.[#6][N-,S-,O-,Se-].[CX3+]	P.AP	P.Non-P	rt.H	rx3																												
Amine addition to protonated aldehyde	[#6+0:1][CX3H:2]=[OH+:59].[NX3H2:5][CX4H:4]([#6:7])[#6:6]>>[*:1][C:2]=[NX3H+:5][C:4]([*:7])[*:6].[O:59]	WA	AcOH	-	10.1007/s00044-017-2104-6 and 10.1016/j.tet.2011.01.067	NA	W.WF	N	F	[#6][BR0]([OX2][CX4!H0])[OX2][CX4!H0].[N]=[N][NX3!H0].[#6][NX3H][N+](=[O])[O-].[N+](=O)([O-])[CX4]([N+](=O)[O-])[CX4][OH].[N+](=O)([O-])[CX4]([N+](=O)[O-])[CX4][NX3H][CX4,c].[N+](=O)([O-])[CX4]([N+](=O)[O-])[N+](=O)[O-].[OH][CX4][OH0R].[OH][CX4][OH0R0].[NX3H2][CX4][OH0].[NX3][CX4R0][OH].[#6][CX3](=O)[O][CX3](=O)[#6].[CX4][SX2H].[#6][SX3](=O)[OH].[CX4,c][SeX2H].[CX4,c][SeX2][SeX2][CX4,c].[#6][SeX3](=O)[#6].[#6][SX3](=O)[CX4H2,CX4H1].[#6][SeX3](=O)[OH].[NX3][N+](=O)[O-].[Sn,Si,P][Cl,Br,I,F].[#6][CX3H]=[NH].[#6][CX3]([#6,O,S])=[NH].[N,n][CX3]([O,S])=[NH].[CX3H2]=[N,NX3].[CX4!H0,CX2][N+](=O)[O-].[#6]O[N+]([O-])=O.[#6,#7][NX2]=O.[#6,O,N,S][CX3](=[O,N,S])[F,Cl,Br,I].[n][CX3](=[O,S])[n].[CX3][N]=[N+]=[N-].[c][N+]#[NX1].[CX4][N+]#[NX1].[#6]O[OH].O=[CX2]=[CX3].[#6][Mg,Cu][*].[#6][Zn][*].[#6][Li].[*]N=C=[O].[N+][N-][N+].[O-][N+](=O)CN=[N+]=[N-].[NX4+,nX3+][NH2].[*]N=C=[S].[CX4]1[CX4][CX4][SX2]1.c1cc[o+]cc1.[Sn,Si,P][Cl,Br,I,F].[C]=[N+]([O-])[#6,OH].[#6,NX3][S](=O)(=O)[Cl,Br,I].[#6][SeX4](=O)(=O)[#6].[CX4][SeX2][Cl,Br,I].[#6][CX3](=[N])[OH0].[#6][CX3](=[O])[SX2H0].[NX3H2][CX3]=[CX3].[AlX3].[#6][CX3](=[N][O])[NX3+]([O-])=[O].[CX4H2]I.[CX4H1,CX4H0]I.[CX4][O]S(=O)(=O).[#6][NX3][OH].[#6][NX3H][O].[CX4][NX3H2].[#6][NX3,n][NX3!H0].[#6][CX3](=[S])[NX3H].[#6][CX3](=[S])[NX3H2].[CX4](O1)[CX4]1.[CX4]([NX3]1)[CX4]1.[CX2H]#[CX2][CX3](=O)[OH0,SX2H0].[CH2]=[CX3][CX3](=O)[OH].[CX2H]#[CX2][CX3](=O)[OH].[CX3]=[CX3][N+](=O)[O-].[CX2H]#[CX2][N+](=O)[O-].[CH2]=[CX3]C#N.[CX2H]#[CX2]C#N.[CH2]=[CX3][CX3](=O)[NX3].[CX2H]#[CX2][CX3](=O)[NX3].[CH2]=[CX3]P(=O).[CH]#[CX2]P(=O).[CH2]=[CX3]S(=O).[CH]#[CX2]S(=O).[CH2]=[CX3]C(F)(F)(F).[CH]#[CX2]C(F)(F)(F).[CX3H2]=[CX3][C](=O)[#6].[CX2H]#[CX2][C](=O)[#6].[CX2H]#[CX2][CX3H](=O).[CX4H2,CX4H3][NX3H][CX4H2,CX4H3].[#6][CX3](=O)[O][PX4,SX4,SX3].[CX3](=[O,S])[C]#[N].[#6][CX3](=[N][NX3H2])[#6].[#6][CX3H]=[N][NX3H2].[#6][CX3](=[N][NX3H][CX4])[#6].[#6][CX3H]=[N][NX3H][CX4].[#6][CX3](=[N][NX3H][#6])[#6].[#6][CX3H]=[N][NX3H][#6].[#6][S](=[O])[NX3][N]=[CX3H][#6].[#6][S](=[O])[NX3][N]=[CX3]([#6])[#6].[#6][CX3](=[N][NX3H0])[#6].[#6][CX3H]=[N][NX3H0].[#6][BR]([O][CX4H2,c])[OX2][CX4H2,c].[#6][B]([OX2H])[OX2][CX4,c].[#6,N,O][CX3](=O)OC(=N)N.[#6][CX2]#[N+][#6,O].[#6][Pd].[#6][OX2][Mn].[PX4]=[N].[CX3,N]=[CX3][OH,SH].[#6][S]C#N.[NX3][CX3](=[S])[SX2H0].[NX3,OH0][CX3](=[O])[OH].[SX3+].[#6][CX3H]=O.*[CX2H0]*.*[CX2H].[#6][CX3](=S)[#6].[*][NX3+]1=COC(=O)C1.[CX2,CX3,CX4,O][B]([OH])[OH].[nH,nH0]c[B]([OH])[OH].[CX3]1=[CX3][CX4]1.[N]=[N][N-,N!H0+].[#6][N-,NH2+][N+](=[O])[O-].[N+](=O)([O-])[CX4]([N+](=O)[O-])[CX4][O-,OH2+].[N+](=O)([O-])[CX4]([N+](=O)[O-])[CX4][NH2+,N-][CX4,c].[O-,O+][CX4][OH0R].[OH][CX4][OX3H+R].[O-,O+][CX4][OH0R0].[OH][CX4][OX3H+R0].[N]!@[CX4][O,N].[N][CX4R0][O-,OH2+].[CX4][S-,SH2+].[*][S][S][*].[CX4]([S]1)[CX4]1.[N][F].[#6][SX3](=O)[C-].[#6][SeX3](=O)[O-,OH2+].[N+,N-][N+](=O)[O-].[CX4,c][S,Se][Cl,Br,I].[#6][CX3H]=[N-,NH2+].[#6][CX3]([#6,O,S])=[N-,NH2+].[N,n][CX3]([O,S])=[NH2+,N-].[C-][N+](=O)[O-].[#6]O[O-,OH2+].[N][F].[NX4+,nX3+][NH3+,NH-].[O,N][CX3](=[S])[S].[#6][SnX4!H0].[#6][CX3](=[S])[O][#6].[NH-,NH3+][CX3]=[CX3].CC(=O)On1ccccc1=S.[#6][N+0][O-,OH2+].[#6][N-,NH2+][OH].[#6][NH2+,N-][O].[CX4][NH3+,NH-].[#6][N,n][N!H0+,N-].[#6][CX3](=[S])[NH0-].[#6][CX3](=[S])[NH-].[CX3H](=[N])[N].[CX4]([N+,N-]1)[CX4]1.[CH2]=[CX3][CX3](=O)[OH0,SH0].[CH2]=[CX3][CX3](=O)[O-].[C-]#[CX2][CX3](=O)[OH].[C-]#[CX2][N+](=O)[O-].[C-]#[CX2]C#N.[CH2]=[CX3][CX3](=O)[N-].[C-]#[CX2][CX3](=O)[N].[C-]#[CX2]P(=O).[C-]#[CX2]S(=O).[C-]#[CX2]C(F)(F)(F).[C-]#[CX2][C](=O)[#6].[C-]#[CX2][CX3H](=O).[CX4H2,CX4H3][N-,NH2+][CX4H2,CX4H3].[#6][CX3](=[N][NH3+,NH-])[#6].[#6][CX3H]=[N][NH3+,NH-].[#6][CX3](=[N][N-,NH2+][CX4])[#6].[#6][CX3H]=[N][N-,NH2+][CX4].[#6][CX3](=[N][N-,NH2+][#6])[#6].[#6][CX3H]=[N][N-,NH2+][#6].[#6][S](=[O])[N-,N+][N]=[CX3H][#6].[#6][S](=[O])[N-,N+][N]=[CX3]([#6])[#6].[#6][CX3](=[N][N+,N-])[#6].[#6][CX3H]=[N][N+,N-].[CX3,N]=[CX3][O-,OH2+,S-,SH2+].[#6][O][CX3](=S)[S].[N,O][CX3](=[O])[O-,OH2+].[CX3-,CX2-].[C-]#C.[#6][N-,S-,O-,Se-].[CX3+]	P.AP	P.Non-P	rt.H	rx4																												
Amine addition to protonated aldehyde	[#6+0:1][CX3H:2]=[OH+:59].[NX3H2:5][CX4:4]([CX4H2,CX4H3:8])([#6:7])[#6:6]>>[*:1][C:2]=[NX3H+:5][C:4]([*:8])([*:7])[*:6].[O:59]	WA	AcOH	-	10.1007/s00044-017-2104-6 and 10.1016/j.tet.2011.01.067	NA	W.WF	N	F	[#6][BR0]([OX2][CX4!H0])[OX2][CX4!H0].[N]=[N][NX3!H0].[#6][NX3H][N+](=[O])[O-].[N+](=O)([O-])[CX4]([N+](=O)[O-])[CX4][OH].[N+](=O)([O-])[CX4]([N+](=O)[O-])[CX4][NX3H][CX4,c].[N+](=O)([O-])[CX4]([N+](=O)[O-])[N+](=O)[O-].[OH][CX4][OH0R].[OH][CX4][OH0R0].[NX3H2][CX4][OH0].[NX3][CX4R0][OH].[#6][CX3](=O)[O][CX3](=O)[#6].[CX4][SX2H].[#6][SX3](=O)[OH].[CX4,c][SeX2H].[CX4,c][SeX2][SeX2][CX4,c].[#6][SeX3](=O)[#6].[#6][SX3](=O)[CX4H2,CX4H1].[#6][SeX3](=O)[OH].[NX3][N+](=O)[O-].[Sn,Si,P][Cl,Br,I,F].[#6][CX3H]=[NH].[#6][CX3]([#6,O,S])=[NH].[N,n][CX3]([O,S])=[NH].[CX3H2]=[N,NX3].[CX4!H0,CX2][N+](=O)[O-].[#6]O[N+]([O-])=O.[#6,#7][NX2]=O.[#6,O,N,S][CX3](=[O,N,S])[F,Cl,Br,I].[n][CX3](=[O,S])[n].[CX3][N]=[N+]=[N-].[c][N+]#[NX1].[CX4][N+]#[NX1].[#6]O[OH].O=[CX2]=[CX3].[#6][Mg,Cu][*].[#6][Zn][*].[#6][Li].[*]N=C=[O].[N+][N-][N+].[O-][N+](=O)CN=[N+]=[N-].[NX4+,nX3+][NH2].[*]N=C=[S].[CX4]1[CX4][CX4][SX2]1.c1cc[o+]cc1.[Sn,Si,P][Cl,Br,I,F].[C]=[N+]([O-])[#6,OH].[#6,NX3][S](=O)(=O)[Cl,Br,I].[#6][SeX4](=O)(=O)[#6].[CX4][SeX2][Cl,Br,I].[#6][CX3](=[N])[OH0].[#6][CX3](=[O])[SX2H0].[NX3H2][CX3]=[CX3].[AlX3].[#6][CX3](=[N][O])[NX3+]([O-])=[O].[CX4H2]I.[CX4H1,CX4H0]I.[CX4][O]S(=O)(=O).[#6][NX3][OH].[#6][NX3H][O].[CX4][NX3H2].[#6][NX3,n][NX3!H0].[#6][CX3](=[S])[NX3H].[#6][CX3](=[S])[NX3H2].[CX4](O1)[CX4]1.[CX4]([NX3]1)[CX4]1.[CX2H]#[CX2][CX3](=O)[OH0,SX2H0].[CH2]=[CX3][CX3](=O)[OH].[CX2H]#[CX2][CX3](=O)[OH].[CX3]=[CX3][N+](=O)[O-].[CX2H]#[CX2][N+](=O)[O-].[CH2]=[CX3]C#N.[CX2H]#[CX2]C#N.[CH2]=[CX3][CX3](=O)[NX3].[CX2H]#[CX2][CX3](=O)[NX3].[CH2]=[CX3]P(=O).[CH]#[CX2]P(=O).[CH2]=[CX3]S(=O).[CH]#[CX2]S(=O).[CH2]=[CX3]C(F)(F)(F).[CH]#[CX2]C(F)(F)(F).[CX3H2]=[CX3][C](=O)[#6].[CX2H]#[CX2][C](=O)[#6].[CX2H]#[CX2][CX3H](=O).[CX4][NX3H][CX4].[#6][CX3](=O)[O][PX4,SX4,SX3].[CX3](=[O,S])[C]#[N].[#6][CX3](=[N][NX3H2])[#6].[#6][CX3H]=[N][NX3H2].[#6][CX3](=[N][NX3H][CX4])[#6].[#6][CX3H]=[N][NX3H][CX4].[#6][CX3](=[N][NX3H][#6])[#6].[#6][CX3H]=[N][NX3H][#6].[#6][S](=[O])[NX3][N]=[CX3H][#6].[#6][S](=[O])[NX3][N]=[CX3]([#6])[#6].[#6][CX3](=[N][NX3H0])[#6].[#6][CX3H]=[N][NX3H0].[#6][BR]([O][CX4H2,c])[OX2][CX4H2,c].[#6][B]([OX2H])[OX2][CX4,c].[#6,N,O][CX3](=O)OC(=N)N.[#6][CX2]#[N+][#6,O].[#6][Pd].[#6][OX2][Mn].[PX4]=[N].[CX3,N]=[CX3][OH,SH].[#6][S]C#N.[NX3][CX3](=[S])[SX2H0].[NX3,OH0][CX3](=[O])[OH].[SX3+].[#6][CX3H]=O.*[CX2H0]*.*[CX2H].[#6][CX3](=S)[#6].[*][NX3+]1=COC(=O)C1.[CX2,CX3,CX4,O][B]([OH])[OH].[nH,nH0]c[B]([OH])[OH].[CX3]1=[CX3][CX4]1.[N]=[N][N-,N!H0+].[#6][N-,NH2+][N+](=[O])[O-].[N+](=O)([O-])[CX4]([N+](=O)[O-])[CX4][O-,OH2+].[N+](=O)([O-])[CX4]([N+](=O)[O-])[CX4][NH2+,N-][CX4,c].[O-,O+][CX4][OH0R].[OH][CX4][OX3H+R].[O-,O+][CX4][OH0R0].[OH][CX4][OX3H+R0].[N]!@[CX4][O,N].[N][CX4R0][O-,OH2+].[CX4][S-,SH2+].[*][S][S][*].[CX4]([S]1)[CX4]1.[N][F].[#6][SX3](=O)[C-].[#6][SeX3](=O)[O-,OH2+].[N+,N-][N+](=O)[O-].[CX4,c][S,Se][Cl,Br,I].[#6][CX3H]=[N-,NH2+].[#6][CX3]([#6,O,S])=[N-,NH2+].[N,n][CX3]([O,S])=[NH2+,N-].[C-][N+](=O)[O-].[#6]O[O-,OH2+].[N][F].[NX4+,nX3+][NH3+,NH-].[O,N][CX3](=[S])[S].[#6][SnX4!H0].[#6][CX3](=[S])[O][#6].[NH-,NH3+][CX3]=[CX3].CC(=O)On1ccccc1=S.[#6][N+0][O-,OH2+].[#6][N-,NH2+][OH].[#6][NH2+,N-][O].[CX4][NH3+,NH-].[#6][N,n][N!H0+,N-].[#6][CX3](=[S])[NH0-].[#6][CX3](=[S])[NH-].[CX3H](=[N])[N].[CX4]([N+,N-]1)[CX4]1.[CH2]=[CX3][CX3](=O)[OH0,SH0].[CH2]=[CX3][CX3](=O)[O-].[C-]#[CX2][CX3](=O)[OH].[C-]#[CX2][N+](=O)[O-].[C-]#[CX2]C#N.[CH2]=[CX3][CX3](=O)[N-].[C-]#[CX2][CX3](=O)[N].[C-]#[CX2]P(=O).[C-]#[CX2]S(=O).[C-]#[CX2]C(F)(F)(F).[C-]#[CX2][C](=O)[#6].[C-]#[CX2][CX3H](=O).[CX4][NH2+,N-][CX4].[#6][CX3](=[N][NH3+,NH-])[#6].[#6][CX3H]=[N][NH3+,NH-].[#6][CX3](=[N][N-,NH2+][CX4])[#6].[#6][CX3H]=[N][N-,NH2+][CX4].[#6][CX3](=[N][N-,NH2+][#6])[#6].[#6][CX3H]=[N][N-,NH2+][#6].[#6][S](=[O])[N-,N+][N]=[CX3H][#6].[#6][S](=[O])[N-,N+][N]=[CX3]([#6])[#6].[#6][CX3](=[N][N+,N-])[#6].[#6][CX3H]=[N][N+,N-].[CX3,N]=[CX3][O-,OH2+,S-,SH2+].[#6][O][CX3](=S)[S].[N,O][CX3](=[O])[O-,OH2+].[CX3-,CX2-].[C-]#C.[#6][N-,S-,O-,Se-].[CX3+]	P.AP	P.Non-P	rt.H	rx5																												
Amine addition to protonated aldehyde	[#6+0:1][CX3H:2]=[OH+:59].[NX3H2:5][c:4]>>[*:1][C:2]=[NX3H+:5][c:4].[O:59]	WA	AcOH	-	10.1007/s00044-017-2104-6 and 10.1016/j.tet.2011.01.067 and 10.1055/s-1994-25526	NA	W.WF	N	F	[#6][BR0]([OX2][CX4!H0])[OX2][CX4!H0].[N]=[N][NX3!H0].[#6][NX3H][N+](=[O])[O-].[N+](=O)([O-])[CX4]([N+](=O)[O-])[CX4][OH].[N+](=O)([O-])[CX4]([N+](=O)[O-])[CX4][NX3H][CX4,c].[N+](=O)([O-])[CX4]([N+](=O)[O-])[N+](=O)[O-].[OH][CX4][OH0R].[OH][CX4][OH0R0].[NX3H2][CX4][OH0].[NX3][CX4R0][OH].[#6][CX3](=O)[O][CX3](=O)[#6].[CX4][SX2H].[#6][SX3](=O)[OH].[CX4,c][SeX2H].[CX4,c][SeX2][SeX2][CX4,c].[#6][SeX3](=O)[#6].[#6][SX3](=O)[CX4H2,CX4H1].[#6][SeX3](=O)[OH].[NX3][N+](=O)[O-].[Sn,Si,P][Cl,Br,I,F].[#6][CX3H]=[NH].[#6][CX3]([#6,O,S])=[NH].[N,n][CX3]([O,S])=[NH].[CX3H2]=[N,NX3].[CX4!H0,CX2][N+](=O)[O-].[#6]O[N+]([O-])=O.[#6,#7][NX2]=O.[#6,O,N,S][CX3](=[O,N,S])[F,Cl,Br,I].[n][CX3](=[O,S])[n].[CX3][N]=[N+]=[N-].[c][N+]#[NX1].[CX4][N+]#[NX1].[#6]O[OH].O=[CX2]=[CX3].[#6][Mg,Cu][*].[#6][Zn][*].[#6][Li].[*]N=C=[O].[N+][N-][N+].[O-][N+](=O)CN=[N+]=[N-].[NX4+,nX3+][NH2].[*]N=C=[S].[CX4]1[CX4][CX4][SX2]1.c1cc[o+]cc1.[Sn,Si,P][Cl,Br,I,F].[C]=[N+]([O-])[#6,OH].[#6,NX3][S](=O)(=O)[Cl,Br,I].[#6][SeX4](=O)(=O)[#6].[CX4][SeX2][Cl,Br,I].[#6][CX3](=[N])[OH0].[#6][CX3](=[O])[SX2H0].[NX3H2][CX3]=[CX3].[AlX3].[#6][CX3](=[N][O])[NX3+]([O-])=[O].[CX4H2]I.[CX4H1,CX4H0]I.[CX4][O]S(=O)(=O).[#6][NX3][OH].[#6][NX3H][O].[CX4,c][NX3H2].[#6][NX3,n][NX3!H0].[#6][CX3](=[S])[NX3H].[#6][CX3](=[S])[NX3H2].[CX4](O1)[CX4]1.[CX4]([NX3]1)[CX4]1.[CX2H]#[CX2][CX3](=O)[OH0,SX2H0].[CH2]=[CX3][CX3](=O)[OH].[CX2H]#[CX2][CX3](=O)[OH].[CX3]=[CX3][N+](=O)[O-].[CX2H]#[CX2][N+](=O)[O-].[CH2]=[CX3]C#N.[CX2H]#[CX2]C#N.[CH2]=[CX3][CX3](=O)[NX3].[CX2H]#[CX2][CX3](=O)[NX3].[CH2]=[CX3]P(=O).[CH]#[CX2]P(=O).[CH2]=[CX3]S(=O).[CH]#[CX2]S(=O).[CH2]=[CX3]C(F)(F)(F).[CH]#[CX2]C(F)(F)(F).[CX3H2]=[CX3][C](=O)[#6].[CX2H]#[CX2][C](=O)[#6].[CX2H]#[CX2][CX3H](=O).[CX4,c][NX3H][CX4].[#6][CX3](=O)[O][PX4,SX4,SX3].[CX3](=[O,S])[C]#[N].[#6][CX3](=[N][NX3H2])[#6].[#6][CX3H]=[N][NX3H2].[#6][CX3](=[N][NX3H][CX4])[#6].[#6][CX3H]=[N][NX3H][CX4].[#6][CX3](=[N][NX3H][#6])[#6].[#6][CX3H]=[N][NX3H][#6].[#6][S](=[O])[NX3][N]=[CX3H][#6].[#6][S](=[O])[NX3][N]=[CX3]([#6])[#6].[#6][CX3](=[N][NX3H0])[#6].[#6][CX3H]=[N][NX3H0].[#6][BR]([O][CX4H2,c])[OX2][CX4H2,c].[#6][B]([OX2H])[OX2][CX4,c].[#6,N,O][CX3](=O)OC(=N)N.[#6][CX2]#[N+][#6,O].[#6][Pd].[#6][OX2][Mn].[PX4]=[N].[CX3,N]=[CX3][OH,SH].[#6][S]C#N.[NX3][CX3](=[S])[SX2H0].[NX3,OH0][CX3](=[O])[OH].[SX3+].[#6][CX3H]=O.*[CX2H0]*.*[CX2H].[#6][CX3](=S)[#6].[*][NX3+]1=COC(=O)C1.[CX2,CX3,CX4,O][B]([OH])[OH].[nH,nH0]c[B]([OH])[OH].[CX3]1=[CX3][CX4]1.c=N.[N]=[N][N-,N!H0+].[#6][N-,NH2+][N+](=[O])[O-].[N+](=O)([O-])[CX4]([N+](=O)[O-])[CX4][O-,OH2+].[N+](=O)([O-])[CX4]([N+](=O)[O-])[CX4][NH2+,N-][CX4,c].[O-,O+][CX4][OH0R].[OH][CX4][OX3H+R].[O-,O+][CX4][OH0R0].[OH][CX4][OX3H+R0].[N]!@[CX4][O,N].[N][CX4R0][O-,OH2+].[CX4][S-,SH2+].[*][S][S][*].[CX4]([S]1)[CX4]1.[N][F].[#6][SX3](=O)[C-].[#6][SeX3](=O)[O-,OH2+].[N+,N-][N+](=O)[O-].[CX4,c][S,Se][Cl,Br,I].[#6][CX3H]=[N-,NH2+].[#6][CX3]([#6,O,S])=[N-,NH2+].[N,n][CX3]([O,S])=[NH2+,N-].[C-][N+](=O)[O-].[#6]O[O-,OH2+].[N][F].[NX4+,nX3+][NH3+,NH-].[O,N][CX3](=[S])[S].[#6][SnX4!H0].[#6][CX3](=[S])[O][#6].[NH-,NH3+][CX3]=[CX3].CC(=O)On1ccccc1=S.[#6][N+0][O-,OH2+].[#6][N-,NH2+][OH].[#6][NH2+,N-][O].[CX4,c][NH3+,NH-].[#6][N,n][N!H0+,N-].[#6][CX3](=[S])[NH0-].[#6][CX3](=[S])[NH-].[CX3H](=[N])[N].[CX4]([N+,N-]1)[CX4]1.[CH2]=[CX3][CX3](=O)[OH0,SH0].[CH2]=[CX3][CX3](=O)[O-].[C-]#[CX2][CX3](=O)[OH].[C-]#[CX2][N+](=O)[O-].[C-]#[CX2]C#N.[CH2]=[CX3][CX3](=O)[N-].[C-]#[CX2][CX3](=O)[N].[C-]#[CX2]P(=O).[C-]#[CX2]S(=O).[C-]#[CX2]C(F)(F)(F).[C-]#[CX2][C](=O)[#6].[C-]#[CX2][CX3H](=O).[CX4,c][NH2+,N-][CX4].[#6][CX3](=[N][NH3+,NH-])[#6].[#6][CX3H]=[N][NH3+,NH-].[#6][CX3](=[N][N-,NH2+][CX4])[#6].[#6][CX3H]=[N][N-,NH2+][CX4].[#6][CX3](=[N][N-,NH2+][#6])[#6].[#6][CX3H]=[N][N-,NH2+][#6].[#6][S](=[O])[N-,N+][N]=[CX3H][#6].[#6][S](=[O])[N-,N+][N]=[CX3]([#6])[#6].[#6][CX3](=[N][N+,N-])[#6].[#6][CX3H]=[N][N+,N-].[CX3,N]=[CX3][O-,OH2+,S-,SH2+].[#6][O][CX3](=S)[S].[N,O][CX3](=[O])[O-,OH2+].[CX3-,CX2-].[C-]#C.[#6][N-,S-,O-,Se-].[CX3+]	P.AP	P.Non-P	rt.H	rx6																												
Addition of isocyanide to imine	[CX4,c,CX3+0,CX2:1][CX3H:2]=[NX3H+:3][CX4,c,NX3+0,NX2+0:5].[CX1-:6]#[NX2+:7][CX4,c,CX3+0:8]>>[*:1][C:2]([N+0:3][*:5])[C+0:6]#[NX2+:7][*:8]	N.WA.WB	MeOH;;;DCM	-	10.1055/s-2006-949648 and 10.1021/ol501425b	NA	W.WF	Y	NA	[#6][BR0]([OX2][CX4!H0])[OX2][CX4!H0].[N]=[N][NX3!H0].[#6][NX3H][N+](=[O])[O-].[N+](=O)([O-])[CX4]([N+](=O)[O-])[CX4][OH].[N+](=O)([O-])[CX4]([N+](=O)[O-])[CX4][NX3H][CX4,c].[N+](=O)([O-])[CX4]([N+](=O)[O-])[N+](=O)[O-].[OH][CX4][OH0R].[OH][CX4][OH0R0].[NX3][CX4][O,NX3].[NX3H2][CX4][OH0].[#7][CX4][OH].[#6][CX3](=O)[O][CX3](=O)[#6].[CX4][SX2H].[#6][SX3](=O)[OH].[CX4,c][SeX2H].[CX4,c][SeX2][SeX2][CX4,c].[#6][SeX3](=O)[#6].[#6][SX3](=O)[CX4H2,CX4H1].[#6][SeX3](=O)[OH].[NX3][N+](=O)[O-].[Sn,Si,P][Cl,Br,I,F].[#6][CX3H]=[NH].[#6][CX3]([#6,O,S])=[NH].[N,n][CX3]([O,S])=[NH].[CX3H2]=[N,NX3].[CX4!H0,CX2][N+](=O)[O-].[#6]O[N+]([O-])=O.[#6,#7][NX2]=O.[#6,O,N,S][CX3](=[O,N,S])[F,Cl,Br,I].[n][CX3](=[O,S])[n].[CX3][N]=[N+]=[N-].[c][N+]#[NX1].[CX4][N+]#[NX1].[#6]O[OH].O=[CX2]=[CX3].[#6][Mg,Cu][*].[#6][Zn][*].[#6][Li].[*]N=C=[O].[N+][N-][N+].[O-][N+](=O)CN=[N+]=[N-].[NX4+,nX3+][NH2].[*]N=C=[S].[#6][N+]#[C-].[CX4]1[CX4][CX4][SX2]1.c1cc[o+]cc1.[Sn,Si,P][Cl,Br,I,F].[C]=[N+]([O-])[#6,OH].[#6,NX3][S](=O)(=O)[Cl,Br,I].[#6][SeX4](=O)(=O)[#6].[CX4][SeX2][Cl,Br,I].[#6][CX3](=[N])[OH0].[#6][CX3](=[O])[SX2H0].[NX3H2][CX3]=[CX3].[AlX3].[#6][CX3](=[N][O])[NX3+]([O-])=[O].[CX4,c][SX2H].[#6][S](=O)(=O)[OH].[CX4][NX3H2].[#6][CX3H]=O.[CX3]=[CX3][OH].[CX4]I.[CX4][NX3H][CX4].[#6][PX4](=O)([OH])O.[#6][PX4](=O)([OH])O.ClC=N.[CX3]=[N+]=[N-].[CX3]=[N+]=[N-].[#6][B]([OH])[OH].C#C[F,Cl,Br,I].[CX3]=[N][OH].[#6][B]([#6])[#6].[#6][NX3,n][NX3!H0].[#6][NX3!H0][NX3H0].[NX3][CX3](=[S])[NX3].[CX4,c][SX2H].[CX4][N+](=O)[O-].[C]#[C][O,N,P,S].[NX3][CX3](=O)[NX3H2].[#6]OO[#6].[#6][CX3](=O)[O][PX4,SX4,SX3].[CX3](=[O,S])[C]#[N].[#6][CX3](=[N][NX3H2])[#6].[#6][CX3H]=[N][NX3H2].[#6][CX3](=[N][NX3H][CX4])[#6].[#6][CX3H]=[N][NX3H][CX4].[#6][CX3](=[N][NX3H][#6])[#6].[#6][CX3H]=[N][NX3H][#6].[#6][S](=[O])[NX3][N]=[CX3H][#6].[#6][S](=[O])[NX3][N]=[CX3]([#6])[#6].[#6][CX3](=[N][NX3H0])[#6].[#6][CX3H]=[N][NX3H0].[#6][BR]([O][CX4H2,c])[OX2][CX4H2,c].[#6][B]([OX2H])[OX2][CX4,c].[#6,N,O][CX3](=O)OC(=N)N.[#6][CX2]#[N+][#6,O].[#6][Pd].[#6][OX2][Mn].[PX4]=[N].[CX3,N]=[CX3][OH,SH].[#6][S]C#N.[NX3][CX3](=[S])[SX2H0].[NX3,OH0][CX3](=[O])[OH].[SX3+].*[CX2H0]*.*[CX2H].[#6][CX3](=S)[#6].[*][NX3+]1=COC(=O)C1.[CX2,CX3,CX4,O][B]([OH])[OH].[nH,nH0]c[B]([OH])[OH].[CX3]1=[CX3][CX4]1.[CX3]=[CX3]([P,N,S,B,I,Br,CX4H0])[N+]#[C-].[P,S,B,I,Br][CX3]=[CX3][N+]#[C-].[N,O,S]=[CX3][N+]#[C-].[N]=[N][N-,N!H0+].[#6][N-,NH2+][N+](=[O])[O-].[N+](=O)([O-])[CX4]([N+](=O)[O-])[CX4][O-,OH2+].[N+](=O)([O-])[CX4]([N+](=O)[O-])[CX4][NH2+,N-][CX4,c].[O-,O+][CX4][OH0R].[OH][CX4][OX3H+R].[O-,O+][CX4][OH0R0].[OH][CX4][OX3H+R0].[NX3][CX4][O-,O+,N-,N+].[NH3+,NH-][CX4][O].[#7][CX4][O-,OH2+].[CX4][S-,SH2+].[*][S][S][*].[CX4]([S]1)[CX4]1.[N][F].[#6][SX3](=O)[C-].[#6][SeX3](=O)[O-,OH2+].[N+,N-][N+](=O)[O-].[CX4,c][S,Se][Cl,Br,I].[#6][CX3H]=[N-,NH2+].[#6][CX3]([#6,O,S])=[N-,NH2+].[N,n][CX3]([O,S])=[NH2+,N-].[C-][N+](=O)[O-].[#6]O[O-,OH2+].[N][F].[NX4+,nX3+][NH3+,NH-].[O,N][CX3](=[S])[S].[#6][SnX4!H0].[#6][CX3](=[S])[O][#6].[NH-,NH3+][CX3]=[CX3].CC(=O)On1ccccc1=S.[#6][S](=O)(=O)[O-,OH2+].[CX4][NH3+,NH-].[CX3]=[CX3][O-,OH2+].[CX4][NH2+,N-][CX4].[#6][PX4](=O)([O-,OH2+])O.[#6][PX4](=O)([O-,OH2+])O.[#6][B]([O-,OH2+])[O-,OH2+].[CX3]=[N][O-,OH2+].[#6][N,n][N!H0+,N-].[#6][N+,N-][N].[#6,O][CX3](=[S])[N].[CX4,c][S-,SH2+].[CX4,C-][N+](=O)[O-].[N][CX3](=O)[NH3+,N-].[#6][P]([#6])[#6].[#6][CX3](=[N][NH3+,NH-])[#6].[#6][CX3H]=[N][NH3+,NH-].[#6][CX3](=[N][N-,NH2+][CX4])[#6].[#6][CX3H]=[N][N-,NH2+][CX4].[#6][CX3](=[N][N-,NH2+][#6])[#6].[#6][CX3H]=[N][N-,NH2+][#6].[#6][S](=[O])[N-,N+][N]=[CX3H][#6].[#6][S](=[O])[N-,N+][N]=[CX3]([#6])[#6].[#6][CX3](=[N][N+,N-])[#6].[#6][CX3H]=[N][N+,N-].[CX3,N]=[CX3][O-,OH2+,S-,SH2+].[#6][O][CX3](=S)[S].[N,O][CX3](=[O])[O-,OH2+].[CX3+]	P.AP	P.Non-P	VL.L.rt.H	rx7																												
Addition of carboxylic/phosphinic acid to nitrilium	[CX4,c:1][CX2:2]#[NX2+:3][CX4,c,CX3+0:4].[OX2H,SX2H:5][CX3,PX4H:6](=[OX1:7])[#6+0:8]>>[*:1][C:2](=[NX2+0:3][*:4])[*:5][*:6](=[OX1:7])[*:8]	N.WA.WB	MeOH;;;DCM	-	10.1055/s-2006-949648 and 10.1002/anie.200601259	NA	W.WF	Y	NA	[#6][BR0]([OX2][CX4!H0])[OX2][CX4!H0].[N]=[N][NX3!H0].[#6][NX3H][N+](=[O])[O-].[N+](=O)([O-])[CX4]([N+](=O)[O-])[CX4][OH].[N+](=O)([O-])[CX4]([N+](=O)[O-])[CX4][NX3H][CX4,c].[N+](=O)([O-])[CX4]([N+](=O)[O-])[N+](=O)[O-].[OH][CX4][OH0R].[OH][CX4][OH0R0].[NX3][CX4][O,NX3].[NX3H2][CX4][OH0].[#7][CX4][OH].[#6][CX3](=O)[O][CX3](=O)[#6].[CX4][SX2H].[#6][SX3](=O)[OH].[CX4,c][SeX2H].[CX4,c][SeX2][SeX2][CX4,c].[#6][SeX3](=O)[#6].[#6][SX3](=O)[CX4H2,CX4H1].[#6][SeX3](=O)[OH].[NX3][N+](=O)[O-].[Sn,Si,P][Cl,Br,I,F].[#6][CX3H]=[NH].[#6][CX3]([#6,O,S])=[NH].[N,n][CX3]([O,S])=[NH].[CX3H2]=[N,NX3].[CX4!H0,CX2][N+](=O)[O-].[#6]O[N+]([O-])=O.[#6,#7][NX2]=O.[#6,O,N,S][CX3](=[O,N,S])[F,Cl,Br,I].[n][CX3](=[O,S])[n].[CX3][N]=[N+]=[N-].[c][N+]#[NX1].[CX4][N+]#[NX1].[#6]O[OH].O=[CX2]=[CX3].[#6][Mg,Cu][*].[#6][Zn][*].[#6][Li].[*]N=C=[O].[N+][N-][N+].[O-][N+](=O)CN=[N+]=[N-].[NX4+,nX3+][NH2].[*]N=C=[S].[#6][N+]#[C-].[CX4]1[CX4][CX4][SX2]1.c1cc[o+]cc1.[Sn,Si,P][Cl,Br,I,F].[C]=[N+]([O-])[#6,OH].[#6,NX3][S](=O)(=O)[Cl,Br,I].[#6][SeX4](=O)(=O)[#6].[CX4][SeX2][Cl,Br,I].[#6][CX3](=[N])[OH0].[#6][CX3](=[O])[SX2H0].[NX3H2][CX3]=[CX3].[AlX3].[#6][CX3](=[N][O])[NX3+]([O-])=[O].[#6][CX3](=O)[OH].[#6][SX2H].[#6][S](=O)(=O)[OH].[CX4][NX3H2].[#6][CX3H]=O.[CX3]=[CX3][OH].[CX4]I.[#6][PX4](=O)([OH])O.[#6][PX4](=O)([OH])O.ClC=N.[CX3]=[N+]=[N-].[CX3]=[N+]=[N-].[#6][B]([OH])[OH].C#C[F,Cl,Br,I].[CX3]=[N][OH].[#6][B]([#6])[#6].[NX3][CX3](=[S])[NX3].[#6][CX3]([#6])=[NH0][!O!N].[CX4][N+](=O)[O-].[C]#[C][O,N,P,S].[NX3][CX3](=O)[NX3H2].[#6]OO[#6].[#6][CX3](=O)[O][PX4,SX4,SX3].[CX3](=[O,S])[C]#[N].[#6][CX3](=[N][NX3H2])[#6].[#6][CX3H]=[N][NX3H2].[#6][S](=[O])[NX3][N]=[CX3H][#6].[#6][S](=[O])[NX3][N]=[CX3]([#6])[#6].[#6][CX3](=[N][NX3H0])[#6].[#6][CX3H]=[N][NX3H0].[#6][BR]([O][CX4H2,c])[OX2][CX4H2,c].[#6][B]([OX2H])[OX2][CX4,c].[#6,N,O][CX3](=O)OC(=N)N.[#6][CX2]#[N+][#6,O].[#6][Pd].[#6][OX2][Mn].[PX4]=[N].[CX3,N]=[CX3][OH,SH].[#6][S]C#N.[NX3][CX3](=[S])[SX2H0].[NX3,OH0][CX3](=[O])[OH].[SX3+].*[CX2H0]*.*[CX2H].[#6][CX3](=S)[#6].[*][NX3+]1=COC(=O)C1.[CX2,CX3,CX4,O][B]([OH])[OH].[nH,nH0]c[B]([OH])[OH].[CX3]1=[CX3][CX4]1.[CX3]=[CX3]([P,N,S,B,I,Br,CX4H0])[N+]#[C-].[P,S,B,I,Br][CX3]=[CX3][N+]#[C-].[N,O,S]=[CX3][N+]#[C-].*[CX2H0]*.*[CX2H].[N]=[N][N-,N!H0+].[#6][N-,NH2+][N+](=[O])[O-].[N+](=O)([O-])[CX4]([N+](=O)[O-])[CX4][O-,OH2+].[N+](=O)([O-])[CX4]([N+](=O)[O-])[CX4][NH2+,N-][CX4,c].[O-,O+][CX4][OH0R].[OH][CX4][OX3H+R].[O-,O+][CX4][OH0R0].[OH][CX4][OX3H+R0].[NX3][CX4][O-,O+,N-,N+].[NH3+,NH-][CX4][O].[#7][CX4][O-,OH2+].[CX4][S-,SH2+].[*][S][S][*].[CX4]([S]1)[CX4]1.[N][F].[#6][SX3](=O)[C-].[#6][SeX3](=O)[O-,OH2+].[N+,N-][N+](=O)[O-].[CX4,c][S,Se][Cl,Br,I].[#6][CX3H]=[N-,NH2+].[#6][CX3]([#6,O,S])=[N-,NH2+].[N,n][CX3]([O,S])=[NH2+,N-].[C-][N+](=O)[O-].[#6]O[O-,OH2+].[N][F].[NX4+,nX3+][NH3+,NH-].[O,N][CX3](=[S])[S].[#6][SnX4!H0].[#6][CX3](=[S])[O][#6].[NH-,NH3+][CX3]=[CX3].CC(=O)On1ccccc1=S.[#6][S-,SH2+].[#6][S](=O)(=O)[O-,OH2+].[CX4][NH3+,NH-].[CX3]=[CX3][O-,OH2+].[#6][PX4](=O)([O-,OH2+])O.[#6][PX4](=O)([O-,OH2+])O.[#6][B]([O-,OH2+])[O-,OH2+].[CX3]=[N][O-,OH2+].[#6,O][CX3](=[S])[N].[#6][CX3H]=[N][!O!N].[CX4,C-][N+](=O)[O-].[N][CX3](=O)[NH3+,N-].[#6][P]([#6])[#6].[#6][CX3](=[N][NH3+,NH-])[#6].[#6][CX3H]=[N][NH3+,NH-].[#6][S](=[O])[N-,N+][N]=[CX3H][#6].[#6][S](=[O])[N-,N+][N]=[CX3]([#6])[#6].[#6][CX3](=[N][N+,N-])[#6].[#6][CX3H]=[N][N+,N-].[CX3,N]=[CX3][O-,OH2+,S-,SH2+].[#6][O][CX3](=S)[S].[N,O][CX3](=[O])[O-,OH2+].[CX3+]	P.AP	P.Non-P	VL.L.rt.H	rx8																												
Mumm Rearrangement	[#6+0:19][CX4H:2]([NH:6][CX4,c,NX3+0,NX2:5])[C:9]([OX2,SX2:10][CX3:11]([#6+0:18])(=[O:12]))=[N:8]([CX4,c,CX3+0:7])>>[*:19][C:2]([N:6]([C:11]([*:18])(=[O:12]))[*:5])[C:9](=[*:10])[NH:8]([*:7])	N.WA.WB	DCM;;;MeOH	-	10.1055/s-2006-949648 and 10.1002/anie.200601259	NA	W.WF	Y	NA	[#6][BR0]([OX2][CX4!H0])[OX2][CX4!H0].[N]=[N][NX3!H0].[OH][CX4][OH0R].[OH][CX4][OH0R0].[NX3][CX4][O,NX3].[NX3H2][CX4][OH0].[#6][CX3](=[N][O])[NX3+]([O-])=[O].[#7][CX4][OH].[#6][CX3](=[S])[O][CX4,c].[#6][CX3](=[N])[OH0].[CX4,CX3,CX2][SX2H].[#6][SX3](=O)[OH].[NX3,N][Cl,Br].[CX4,c][SeX2H].[CX4,c][SeX2][SeX2][CX4,c].[#6][SeX3](=O)[#6].[#6][SX3](=O)[CX4H2,CX4H1].[#6][SeX3](=O)[OH].[NX3][N+](=O)[O-].[Sn,Si,P][Cl,Br,I,F].[#6][CX3H]=[NH].[CX3H2]=[N,NX3].[#6][CX3]([#6,O,S])=[NH].[N,n][CX3]([O,S])=[NH].[CX4!H0,CX2][N+](=O)[O-].[#6]O[N+]([O-])=O.[#6,#7][NX2]=O.[#6,O,N,S][CX3](=[O,N])[F,Cl,Br,I].[n][CX3](=[O,S])[n].[CX3][N]=[N+]=[N-].[CX4,c][N+]#[NX1].[#6]O[OH].O=[CX2]=[CX3].[#6][Mg,Cu][*].[#6][Zn][*].[AlX3].[NX3H2][CX3]=[CX3].[#6][Li].[*]N=C=[O].[N+][N-][N+].[O-][N+](=O)CN=[N+]=[N-].[NX4+,nX3+][NH2].[*]N=C=[S].[#6][N+]#[C-].[CX4]1[CX4][CX4][SX2]1.c1cc[o+]cc1.[Sn,Si,P][Cl,Br,I,F].[C]=[N+]([O-])[#6,OH].[#6,NX3][S](=O)(=O)[Cl,Br,I].[#6][CX3](=O)[O][PX4,SX4,SX3].[CX3](=[O,S])[C]#[N].[#6][CX3](=[N][NX3H2])[#6].[#6][CX3H]=[N][NX3H2].[#6,N,O][CX3](=O)OC(=N)N.[#6][CX2]#[N+][#6,O].[#6][Pd].[#6][OX2][Mn].[PX4]=[N].[CX3,N]=[CX3][OH,SH].[#6][S]C#N.[NX3][CX3](=[S])[SX2H0].[NX3,OH0][CX3](=[O])[OH].[SX3+].*[CX2H0]*.*[CX2H].[#6][CX3](=S)[#6].[*][NX3+]1=COC(=O)C1.[CX2,CX3,CX4,O][B]([OH])[OH].[nH,nH0]c[B]([OH])[OH].[CX3]1=[CX3][CX4]1.[CX3]1[OH0][CX3](=O)cc[NX3][CX4]1.[N]=[N][N-,N!H0+].[O-,O+][CX4][OH0R].[OH][CX4][OX3H+R].[O-,O+][CX4][OH0R0].[OH][CX4][OX3H+R0].[NX3][CX4][O-,O+,N-,N+].[NH3+,NH-][CX4][O].[#7][CX4][O-,OH2+].[#6,N][CX3](=O)[O][CX3](=O)[#6,N].[*][S][S][*].[CX4]([S]1)[CX4]1.[N][F].[#6][SX3](=O)[C-].[#6][SeX3](=O)[O-,OH2+].[N+,N-][N+](=O)[O-].[CX4,c][S,Se][Cl,Br,I].[#6][CX3H]=[N-,NH2+].[#6][CX3]([#6,O,S])=[N-,NH2+].[N,n][CX3]([O,S])=[NH2+,N-].[C-][N+](=O)[O-].[#6]O[O-,OH2+].[NH-,NH3+][CX3]=[CX3].[N][F].[NX4+,nX3+][NH3+,NH-].[O,N][CX3](=[S])[S].[#6][SnX4!H0].[#6][CX3](=[N][NH3+,NH-])[#6].[#6][CX3H]=[N][NH3+,NH-].[CX3,N]=[CX3][O-,OH2+,S-,SH2+].[#6][O][CX3](=S)[S].[N,O][CX3](=[O])[O-,OH2+].[CX3+]	P.AP	P.Non-P	rt.H	rx9																												
Claisen rearrangement	[c:1]1[c:2][c:3][c:4][c:5]2[c:6]1[c:7][cH:8][c:9]([OX2:11][CX4H2:12][CX3H:13]=[CX2:14]=[CX3H2:16])[cH:10]2>>[c:1]1[c:2][c:3][c:4][c:5]2[c:6]1[C:7]=[C:8][C:9](=[O:11])[C:10]2[C:14](=[C:16])[C:13]=[C:12]	N.WB	heating	-	Clayden, J., et al. Organic chemistry. 2012. p. 909-910 and 10.1039/c39920001760 and 10.1021/cr020703u	NA	W.WF	Y	F	[#6][BR0]([OX2][CX4!H0])[OX2][CX4!H0].[N]=[N][NX3!H0].[OH][CX4][OH0R].[OH][CX4][OH0R0].[NX3H2][CX4][OH0].[NX3][CX4][O,NX3].[#7][CX4][OH].[CX4][SX2H].[#6][SX3](=O)[OH].[CX4,c][SeX2H].[#6][SeX3](=O)[#6].[#6][SX3](=O)[CX4H2,CX4H1].[#6][SeX3](=O)[OH].[CX4,c][SX2,SeX2][Cl,Br,I].[#6][CX3H]=[NH].[#6][CX3]([#6,O,S])=[NH].[N,n][CX3]([O,S])=[NH].[CX3H2]=[N,NX3].[CX4!H0][N+](=O)[O-].[#6]O[N+]([O-])=O.[#6][NX2]=O.[CX3][N]=[N+]=[N-].[c][N+]#[NX1].[CX4][N+]#[NX1].[#6]O[OH].O=[CX2]=[CX3].[#6][Mg,Cu][*].[#6][Zn][*].[#6][Li].[*]N=C=[O].[*]N=C=[S].[#6][N+]#[C-].[CX4]1[CX4][CX4][SX2]1.c1cc[o+]cc1.[CX4,c][SnX4,SiX4,PX4][Cl,Br,I,F].[C]=[N+]([O-])[*].[#6,NX3][S](=O)(=O)[Cl,Br,I].[#6][SeX4](=O)(=O)[#6].[CX4][SeX2][Cl,Br,I].[#6][CX3](=!@[N])!@O!@[CX4,c].[#6][CX3](=[O])[SX2H0].[NX3H2][CX3]=[CX3].[AlX3].[#6][CX3](=[N][O])[NX3+]([O-])=[O].[CX4H0][CX3](=O)[OH].[#6][CX3](=O)[O]!@[CX4H0].[#6][SX2H].[#6][SX3](=O)[CX4!H0].[#6][O][SX3](=O)[#6].[CX4,c][SeX2][CX4,c].[#6][B]([OH])[OH].[#6][B]([OH0])[OH0].[#6][B]([#6])[#6].[#6][CX3H]=[NH0][!O!N].[NX3][CX3](=[N])[NX3].[NX3][CX3](=[NH])[NX3][CX3](=[NH])[NX3].[NX3H1,NX3H2][CX3](=[NH0])[NX3][CX3](=[NH0])[NX3H1,NX3H2].[CX4]([OH])C#N.[CX4][N+](=O)[O-].[CX3]=[N+]=[N-].[#6]OO[#6].[CX4]1[O,N][CX4H2]1.[CX4]Br.[CX4H2]I.[CX4H1]I.[CX4H0][Cl,Br,I].C#C[F,Cl,Br,I].[CX3](=O)[CX4!H0][CX3](=O).[CX2](#N)[CX4!H0][CX3](=O).[S](=O)[CX4!H0][CX3](=O).[PX4](=O)[CX4!H0][CX3](=O).[CX2](#N)[CX4!H0][CX2](#N).[CX2](#N)[CX4!H0][S](=O).[CX2](#N)[CX4!H0][PX4](=O).[S](=O)[CX4!H0][S](=O).[S](=O)[CX4!H0][PX4](=O).[PX4](=O)[CX4!H0][PX4](=O).[C]#[C][O,N,P,S].[#6][CX3](=O)[O][PX4,SX4,SX3].[CX3](=[O,S])[C]#[N].[#6][CX3](=[N][NX3H2])[#6].[#6][CX3H]=[N][NX3H2].[#6][CX3](=[N][NX3H][CX4])[#6].[#6][CX3H]=[N][NX3H][CX4].[#6][CX3](=[N][NX3H][#6])[#6].[#6][CX3H]=[N][NX3H][#6].[#6][S](=[O])[NX3][N]=[CX3H][#6].[#6][S](=[O])[NX3][N]=[CX3]([#6])[#6].[#6][CX3](=[N][NX3H0])[#6].[#6][CX3H]=[N][NX3H0].[#6][BR]([O][CX4H2,c])[OX2][CX4H2,c].[#6][B]([OX2H])[OX2][CX4,c].[#6,N,O][CX3](=O)OC(=N)N.[#6][CX2]#[N+][#6,O].[#6][Pd].[#6][OX2][Mn].[PX4]=[N].[CX3,N]=[CX3][OH,SH].[#6][S]C#N.[NX3][CX3](=[S])[SX2H0].[NX3,OH0][CX3](=[O])[OH].[SX3+].*[CX2H0]*.*[CX2H].[#6][CX3](=S)[#6].[*][NX3+]1=COC(=O)C1.[CX2,CX3,CX4,O][B]([OH])[OH].[nH,nH0]c[B]([OH])[OH].[CX3]1=[CX3][CX4]1.[c]([CX3](=[O])[OX2H1])1[c]([OX2][CX4][CX3]=[C])[c][c][c][c]1.[N]=[N][N-,N!H0+].[O-,O+][CX4][OH0R].[OH][CX4][OX3H+R].[O-,O+][CX4][OH0R0].[OH][CX4][OX3H+R0].[NH3+,NH-][CX4][O].[NX3][CX4][O-,O+,N-,N+].[#7][CX4][O-,OH2+].[CX4][S-,SH2+].[*][S][S][*].[CX4]([S]1)[CX4]1.[CX4,c][Se][Se][CX4,c].[#6][SX3](=O)[C-].[#6][SeX3](=O)[O-,OH2+].[#6][CX3H]=[N-,NH2+].[#6][CX3]([#6,O,S])=[N-,NH2+].[N,n][CX3]([O,S])=[NH2+,N-].[C-][N+](=O)[O-].[#6]O[O-,OH2+].[O,N][CX3](=[S])[S].[#6][SnX4!H0].[#6][CX3](=[S])[O][#6].[NH-,NH3+][CX3]=[CX3].CC(=O)On1ccccc1=S.[#6][S-,SH2+].[#6][SX3](=O)[C-].[CX4,c][SeH+][CX4,c].[#6][B]([O-,OH2+])[O-,OH2+].[N][CX3](=[S])[N].[#6][CX3]([#6])=[N][!O!N].[N][CX3](=[N])[n].[N+,N-][CX3](=[N])[N][CX3](=[N])[N].[CX4]([O-,OH2+])C#N.[CX4,C-][N+](=O)[O-].[CX3](=O)[C-][CX3](=O).[CX2](#N)[C-][CX3](=O).[S](=O)[C-][CX3](=O).[PX4](=O)[C-][CX3](=O).[CX2](#N)[C-][CX2](#N).[CX2](#N)[C-][S](=O).[CX2](#N)[C-][PX4](=O).[S](=O)[C-][S](=O).[S](=O)[C-][PX4](=O).[PX4](=O)[C-][PX4](=O).[#6][CX3](=[N][NH3+,NH-])[#6].[#6][CX3H]=[N][NH3+,NH-].[#6][CX3](=[N][N-,NH2+][CX4])[#6].[#6][CX3H]=[N][N-,NH2+][CX4].[#6][CX3](=[N][N-,NH2+][#6])[#6].[#6][CX3H]=[N][N-,NH2+][#6].[#6][S](=[O])[N-,N+][N]=[CX3H][#6].[#6][S](=[O])[N-,N+][N]=[CX3]([#6])[#6].[#6][CX3](=[N][N+,N-])[#6].[#6][CX3H]=[N][N+,N-].[CX3,N]=[CX3][O-,OH2+,S-,SH2+].[#6][O][CX3](=S)[S].[N,O][CX3](=[O])[O-,OH2+].[c]([CX3](=[O])[O-,O+])1[c]([OX2][CX4][CX3]=[C])[c][c][c][c]1.[CX3+]	P.AP	P.Non-P	H.VH	rx10																										38		Y
Aromatization of cyclic ketone	[O,NX2:11]=[CX3:1]1[CX4!H0:6][CX3,c:5]=,:[CX3,c:4][CX3,c:3]=,:[CX3,c:2]1>>[*:11][c:1]1[c:6][c:5][c:4][c:3][c:2]1	SB.B.WB.N.WA.A.SA	solvent	-	Clayden, J., et al. Organic chemistry. 2012. p. 909-910	NA	W.WF	Y	VF		P.AP	P.Non-P	VL.L.rt.H.VH	rx11																										66		Y
Diels-Alder cycloaddition	[CX3H2:2]=[CX3:3]([c,CX4,SiX4H0:1])[CX3H:4]=[CX3H2:5].[CX3H:6]1=[CX3H:7][CX3:8](=[OX1:9])[OX2,NX3:10][CX3:11]1=[OX1:12]>>[C:2]2[C:3]([*:1])=[C:4][C:5][C:6]1[C:7]2[CX3:8](=[OX1:9])[*:10][CX3:11]1=[OX1:12]	N.WB	AlCl3.THF;;;heating	Cl[Al](Cl)Cl	10.1021/ol060569q and 10.1039/C6RA24818G and 10.1021/ja00105a074	NA	WF	Y	NA	[#6][BR0]([OX2][CX4!H0])[OX2][CX4!H0].[N]=[N][NX3!H0].[OH][CX4][OH0R].[OH][CX4][OH0R0].[NX3H2][CX4][OH0].[NX3][CX4][O,NX3].[#7][CX4][OH].[CX4][SX2H].[#6][SX3](=O)[OH].[CX4,c][SeX2H].[#6][SeX3](=O)[#6].[#6][SX3](=O)[CX4H2,CX4H1].[#6][SeX3](=O)[OH].[CX4,c][SX2,SeX2][Cl,Br,I].[#6][CX3H]=[NH].[#6][CX3]([#6,O,S])=[NH].[N,n][CX3]([O,S])=[NH].[CX3H2]=[N,NX3].[CX4!H0,CX2][N+](=O)[O-].[#6]O[N+]([O-])=O.[#6,#7][NX2]=O.[CX3][N]=[N+]=[N-].[c][N+]#[NX1].[CX4][N+]#[NX1].[#6]O[OH].O=[CX2]=[CX3].[#6][Mg,Cu][*].[#6][Zn][*].[#6][Li].[*]N=C=[O].[*]N=C=[S].[#6][N+]#[C-].[CX4]1[CX4][CX4][SX2]1.c1cc[o+]cc1.[Sn,Si,P][Cl,Br,I,F].[C]=[N+]([O-])[*].[#6,NX3][S](=O)(=O)[Cl,Br,I].[#6][SeX4](=O)(=O)[#6].[CX4][SeX2][Cl,Br,I].[#6][CX3](=[N])[OH0].[#6][CX3](=[O])[SX2H0].[NX3H2][CX3]=[CX3].[AlX3].[#6][CX3](=[N][O])[NX3+]([O-])=[O].[N+](=O)([O-])[CX4]([N+](=O)[O-])[CX4][OH].[N+](=O)([O-])[CX4]([N+](=O)[O-])[CX4][NX3H][CX4,c].[n][CX3](=[O,S])[n].[N+][N-][N+].[NX4+,nX3+][NH2].[O-][N+](=O)CN=[N+]=[N-].[#6][CX3]([#6])=[NH0][!O!N].[NX3H1,NX3H2][CX3](=[NH0])[NX3][CX3](=[NH0])[NX3H1,NX3H2].[#6][NX3H][O].[#6][NX3][OH].[CX3]=[N][O].[#6][SX2H].[CX4,c][NX3H2].[CX4][NX3H][CX4].[#6][NX3,n][NX3!H0].[#6][NX3!H0][NX3H0].[n][NX3H2].[CX3H](=[N])[NX3].[#6][N]=[N+]=[N-].[CX3]=[N+]=[N-].[#6]OO[#6].[CX4](O1)[CX4]1.[CX4]([NX3]1)[CX4]1.[CX4]I.[CX3]=[CX2]=[CX3].*[N]=[N]*.[#6][CX3](=O)[O][PX4,SX4,SX3].[CX3](=[O,S])[C]#[N].[NX3H1,NX3H2][CX3](=[NH0])[NX3][CX3](=[NH0])[NX3H1,NX3H2].[#6][N+X3](=[O])[#6].[#6,OH0][CX3](=[S])[NX3].[#6]OO[#6].[CX4](O1)[CX4]1.[CX4]([NX3]1)[CX4]1.[CX3](=O)[CX3](=O)[CX3](=O).[CX3]=[N+]=[N-].[#6][CX3](=[N][NX3H2])[#6].[#6][CX3H]=[N][NX3H2].[#6][CX3](=[N][NX3H][CX4])[#6].[#6][CX3H]=[N][NX3H][CX4].[#6][CX3](=[N][NX3H][#6])[#6].[#6][CX3H]=[N][NX3H][#6].[#6][S](=[O])[NX3][N]=[CX3H][#6].[#6][S](=[O])[NX3][N]=[CX3]([#6])[#6].[#6,N,O][CX3](=O)OC(=N)N.[#6][CX2]#[N+][#6,O].[#6][Pd].[#6][OX2][Mn].[PX4]=[N].[CX3,N]=[CX3][OH,SH].[#6][S]C#N.[NX3][CX3](=[S])[SX2H0].[NX3,OH0][CX3](=[O])[OH].[SX3+].*[CX2H0]*.*[CX2H].[#6][CX3](=S)[#6].[*][NX3+]1=COC(=O)C1.[CX2,CX3,CX4,O][B]([OH])[OH].[nH,nH0]c[B]([OH])[OH].[CX3]1=[CX3][CX4]1.c=N.[N]=[N][N-,N!H0+].[O-,O+][CX4][OH0R].[OH][CX4][OX3H+R].[O-,O+][CX4][OH0R0].[OH][CX4][OX3H+R0].[NH3+,NH-][CX4][O].[NX3][CX4][O-,O+,N-,N+].[#7][CX4][O-,OH2+].[CX4][S-,SH2+].[*][S][S][*].[CX4]([S]1)[CX4]1.[CX4,c][Se][Se][CX4,c].[#6][SX3](=O)[C-].[#6][SeX3](=O)[O-,OH2+].[#6][CX3H]=[N-,NH2+].[#6][CX3]([#6,O,S])=[N-,NH2+].[N,n][CX3]([O,S])=[NH2+,N-].[C-][N+](=O)[O-].[#6]O[O-,OH2+].[O,N][CX3](=[S])[S].[#6][SnX4!H0].[#6][CX3](=[S])[O][#6].[NH-,NH3+][CX3]=[CX3].CC(=O)On1ccccc1=S.[N+](=O)([O-])[CX4]([N+](=O)[O-])[CX4][NH2+,N-][CX4,c].[N][F].[NX4+,nX3+][NH3+,NH-].[#6][CX3H]=[N][!O!N].[N][CX3](=[NH])[N][CX3](=[NH])[N].[#6][NH2+,N-][O].[#6][N+0][O-,OH2+].[#6][N-,NH2+][OH].[#6][S-,SH2+].[CX4,c][NH3+,NH-].[CX4][NH2+,N-][CX4].[#6][N,n][N!H0+,N-].[#6][N+,N-][N].[n][NH3+].[n][N-].[#6][CX3](=[N])[N].[CX4,c][N]([CX4,c])[CX3]=[CX3].[CX4]([N+,N-]1)[CX4]1.[C]=[C].[C]#[C].[N][CX3](=[NH])[N][CX3](=[NH])[N].[#6][S](=[O])(=[N])[#6].[N][CX3](=[S])[N].[CX4]([N+,N-]1)[CX4]1.[#6][CX3](=[N][NH3+,NH-])[#6].[#6][CX3H]=[N][NH3+,NH-].[#6][CX3](=[N][N-,NH2+][CX4])[#6].[#6][CX3H]=[N][N-,NH2+][CX4].[#6][CX3](=[N][N-,NH2+][#6])[#6].[#6][CX3H]=[N][N-,NH2+][#6].[#6][S](=[O])[N-,N+][N]=[CX3H][#6].[#6][S](=[O])[N-,N+][N]=[CX3]([#6])[#6].[CX3,N]=[CX3][O-,OH2+,S-,SH2+].[#6][O][CX3](=S)[S].[N,O][CX3](=[O])[O-,OH2+].[CX3+]	AP	P.Non-P	VL.L.rt.H	rx12																										41		N
Diels-Alder cycloaddition	[CX3H2:2]=[CX3:3]([OX2:1][CX4,SiX4H0:18])[CX3H:4]=[CX3H2:5].[CX3H:6]1=[CX3H:7][CX3:8](=[OX1:9])[OX2,NX3:10][CX3:11]1=[OX1:12]>>[C:2]2[C:3]([O:1][*:18])=[C:4][C:5][C:6]1[C:7]2[CX3:8](=[OX1:9])[*:10][CX3:11]1=[OX1:12]	N.WB	AlCl3.THF;;;heating	Cl[Al](Cl)Cl	10.1021/ol060569q and 10.1039/C6RA24818G and 10.1021/ja00105a074	NA	WF	Y	NA	[#6][BR0]([OX2][CX4!H0])[OX2][CX4!H0].[N]=[N][NX3!H0].[OH][CX4][OH0R].[OH][CX4][OH0R0].[NX3H2][CX4][OH0].[NX3][CX4][O,NX3].[#7][CX4][OH].[CX4][SX2H].[#6][SX3](=O)[OH].[CX4,c][SeX2H].[#6][SeX3](=O)[#6].[#6][SX3](=O)[CX4H2,CX4H1].[#6][SeX3](=O)[OH].[CX4,c][SX2,SeX2][Cl,Br,I].[#6][CX3H]=[NH].[#6][CX3]([#6,O,S])=[NH].[N,n][CX3]([O,S])=[NH].[CX3H2]=[N,NX3].[CX4!H0,CX2][N+](=O)[O-].[#6]O[N+]([O-])=O.[#6,#7][NX2]=O.[CX3][N]=[N+]=[N-].[c][N+]#[NX1].[CX4][N+]#[NX1].[#6]O[OH].O=[CX2]=[CX3].[#6][Mg,Cu][*].[#6][Zn][*].[#6][Li].[*]N=C=[O].[*]N=C=[S].[#6][N+]#[C-].[CX4]1[CX4][CX4][SX2]1.c1cc[o+]cc1.[Sn,Si,P][Cl,Br,I,F].[C]=[N+]([O-])[*].[#6,NX3][S](=O)(=O)[Cl,Br,I].[#6][SeX4](=O)(=O)[#6].[CX4][SeX2][Cl,Br,I].[#6][CX3](=[N])[OH0].[#6][CX3](=[O])[SX2H0].[NX3H2][CX3]=[CX3].[AlX3].[#6][CX3](=[N][O])[NX3+]([O-])=[O].[N+](=O)([O-])[CX4]([N+](=O)[O-])[CX4][OH].[N+](=O)([O-])[CX4]([N+](=O)[O-])[CX4][NX3H][CX4,c].[n][CX3](=[O,S])[n].[N+][N-][N+].[NX4+,nX3+][NH2].[O-][N+](=O)CN=[N+]=[N-].[#6][CX3]([#6])=[NH0][!O!N].[NX3H1,NX3H2][CX3](=[NH0])[NX3][CX3](=[NH0])[NX3H1,NX3H2].[#6][NX3H][O].[#6][NX3][OH].[CX3]=[N][O].[#6][SX2H].[CX4,c][NX3H2].[CX4][NX3H][CX4].[#6][NX3,n][NX3!H0].[#6][NX3!H0][NX3H0].[n][NX3H2].[CX3H](=[N])[NX3].[#6][N]=[N+]=[N-].[CX3]=[N+]=[N-].[#6]OO[#6].[CX4](O1)[CX4]1.[CX4]([NX3]1)[CX4]1.[CX4]I.[CX3]=[CX2]=[CX3].*[N]=[N]*.[#6][CX3](=O)[O][PX4,SX4,SX3].[CX3](=[O,S])[C]#[N].[NX3H1,NX3H2][CX3](=[NH0])[NX3][CX3](=[NH0])[NX3H1,NX3H2].[#6][N+X3](=[O])[#6].[#6,OH0][CX3](=[S])[NX3].[#6]OO[#6].[CX4](O1)[CX4]1.[CX4]([NX3]1)[CX4]1.[CX3](=O)[CX3](=O)[CX3](=O).[CX3]=[N+]=[N-].[#6][CX3](=[N][NX3H2])[#6].[#6][CX3H]=[N][NX3H2].[#6][CX3](=[N][NX3H][CX4])[#6].[#6][CX3H]=[N][NX3H][CX4].[#6][CX3](=[N][NX3H][#6])[#6].[#6][CX3H]=[N][NX3H][#6].[#6][S](=[O])[NX3][N]=[CX3H][#6].[#6][S](=[O])[NX3][N]=[CX3]([#6])[#6].[#6,N,O][CX3](=O)OC(=N)N.[#6][CX2]#[N+][#6,O].[#6][Pd].[#6][OX2][Mn].[PX4]=[N].[CX3,N]=[CX3][OH,SH].[#6][S]C#N.[NX3][CX3](=[S])[SX2H0].[NX3,OH0][CX3](=[O])[OH].[SX3+].*[CX2H0]*.*[CX2H].[#6][CX3](=S)[#6].[*][NX3+]1=COC(=O)C1.[CX2,CX3,CX4,O][B]([OH])[OH].[nH,nH0]c[B]([OH])[OH].[CX3]1=[CX3][CX4]1.c=N.[N]=[N][N-,N!H0+].[O-,O+][CX4][OH0R].[OH][CX4][OX3H+R].[O-,O+][CX4][OH0R0].[OH][CX4][OX3H+R0].[NH3+,NH-][CX4][O].[NX3][CX4][O-,O+,N-,N+].[#7][CX4][O-,OH2+].[CX4][S-,SH2+].[*][S][S][*].[CX4]([S]1)[CX4]1.[CX4,c][Se][Se][CX4,c].[#6][SX3](=O)[C-].[#6][SeX3](=O)[O-,OH2+].[#6][CX3H]=[N-,NH2+].[#6][CX3]([#6,O,S])=[N-,NH2+].[N,n][CX3]([O,S])=[NH2+,N-].[C-][N+](=O)[O-].[#6]O[O-,OH2+].[O,N][CX3](=[S])[S].[#6][SnX4!H0].[#6][CX3](=[S])[O][#6].[NH-,NH3+][CX3]=[CX3].CC(=O)On1ccccc1=S.[N+](=O)([O-])[CX4]([N+](=O)[O-])[CX4][NH2+,N-][CX4,c].[N][F].[NX4+,nX3+][NH3+,NH-].[#6][CX3H]=[N][!O!N].[N][CX3](=[NH])[N][CX3](=[NH])[N].[#6][NH2+,N-][O].[#6][N+0][O-,OH2+].[#6][N-,NH2+][OH].[#6][S-,SH2+].[CX4,c][NH3+,NH-].[CX4][NH2+,N-][CX4].[#6][N,n][N!H0+,N-].[#6][N+,N-][N].[n][NH3+].[n][N-].[#6][CX3](=[N])[N].[CX4,c][N]([CX4,c])[CX3]=[CX3].[CX4]([N+,N-]1)[CX4]1.[C]=[C].[C]#[C].[N][CX3](=[NH])[N][CX3](=[NH])[N].[#6][S](=[O])(=[N])[#6].[N][CX3](=[S])[N].[CX4]([N+,N-]1)[CX4]1.[#6][CX3](=[N][NH3+,NH-])[#6].[#6][CX3H]=[N][NH3+,NH-].[#6][CX3](=[N][N-,NH2+][CX4])[#6].[#6][CX3H]=[N][N-,NH2+][CX4].[#6][CX3](=[N][N-,NH2+][#6])[#6].[#6][CX3H]=[N][N-,NH2+][#6].[#6][S](=[O])[N-,N+][N]=[CX3H][#6].[#6][S](=[O])[N-,N+][N]=[CX3]([#6])[#6].[CX3,N]=[CX3][O-,OH2+,S-,SH2+].[#6][O][CX3](=S)[S].[N,O][CX3](=[O])[O-,OH2+].[CX3+]	AP	P.Non-P	VL.L.rt.H	rx13																										41		N
Phenol deprotonation	[c:1][OX2H:2]>>[c:1][O-:2]	WB.B.SB	K2CO3	OC([O-])=O.[K+].[K+]	10.1002/anie.201107020 SI	NA	W.WF	N	F	[#6][BR0]([OX2][CX4!H0])[OX2][CX4!H0].[N]=[N][NX3!H0].[OH][CX4][OH0].[#6,NX3][S](=O)(=O)[Cl,Br,I].[NX3H][CX4][OH0].[NX3H2][CX4][OH0].[#6][CX3](=[N][O])[NX3+]([O-])=[O].[#7][CX4][OH].[NX3H][CX4][OH0].[NX3H2][CX4][OH0].[#6][CX3](=[N][O])[NX3+]([O-])=[O].[#7][CX4][OH].[#6][CX3](=[S])[O][CX4,c].[#6][CX3](=[N])[OH0].[#6][SX3](=O)[OH].[NX3,N][Cl,Br].[CX4,c][SeX2H].[CX4,c][SeX2][SeX2][CX4,c].[#6][SeX3](=O)[#6].[#6][SeX3](=O)[OH].[NX3][N+](=O)[O-].[Sn,Si,P][Cl,Br,I,F].[#6][CX3H]=[NH].[CX3H2]=[N,NX3].[#6][CX3]([#6,O,S])=[NH].[N,n][CX3]([O,S])=[NH].[#6]O[N+]([O-])=O.[#6,#7][NX2]=O.[n][CX3](=[O,S])[n].[CX3][N]=[N+]=[N-].[CX4,c][N+]#[NX1].[#6]O[OH].O=[CX2]=[CX3].[#6][Mg,Cu][*].[#6][Zn][*].[NX3H2][CX3]=[CX3].[#6][Li].[N+][N-][N+].[O-][N+](=O)CN=[N+]=[N-].[NX4+,nX3+][NH2].[CX4]1[CX4][CX4][SX2]1.c1cc[o+]cc1.[Sn,P,Si,N][Cl,Br,I,F].[CX4][SeX2][Cl,Br,I].[#6][CX3H]=O.[CX4H1]Br.[CX4H1]I.[CX4H0][Cl,Br,I].[#6][CX3](=O)[O][PX4,SX4,SX3].[CX3](=[O,S])[C]#[N].[#6][CX3](=[N][NX3H2])[#6].[#6][CX3H]=[N][NX3H2].[#6][CX3](=[N][NX3H][CX4])[#6].[#6][CX3H]=[N][NX3H][CX4].[#6][CX3](=[N][NX3H][#6])[#6].[#6][CX3H]=[N][NX3H][#6].[#6][S](=[O])[NX3][N]=[CX3H][#6].[#6][S](=[O])[NX3][N]=[CX3]([#6])[#6].[#6][CX3](=[N][NX3H0])[#6].[#6][CX3H]=[N][NX3H0].[#6][BR]([O][CX4H2,c])[OX2][CX4H2,c].[#6][B]([OX2H])[OX2][CX4,c].[#6,N,O][CX3](=O)OC(=N)N.[#6][Pd].[#6][OX2][Mn].[PX4]=[N].[CX3,N]=[CX3][OH,SH].[#6][S]C#N.[NX3][CX3](=[S])[SX2H0].[NX3,OH0][CX3](=[O])[OH].[SX3+].*[CX2H0]*.*[CX2H].[#6][CX3](=S)[#6].[C]=[N+]([O-])[#6,OH].[*][NX3+]1=COC(=O)C1.[CX2,CX3,CX4,O][B]([OH])[OH].[nH,nH0]c[B]([OH])[OH].[CX3]1=[CX3][CX4]1.[N]=[N][N-,N!H0+].[O-,OH2+][CX4][O].[OH][CX4][O+].[N-,NH2+][CX4][O].[NX3H][CX4][O-,O+].[NH3+,NH-][CX4][O].[#7][CX4][O-,OH2+].[N-,NH2+][CX4][O].[NX3H][CX4][O-,O+].[NH3+,NH-][CX4][O].[#7][CX4][O-,OH2+].[*][S][S][*].[CX4]([S]1)[CX4]1.[N][F].[#6][SeX3](=O)[O-,OH2+].[N+,N-][N+](=O)[O-].[CX4,c][S,Se][Cl,Br,I].[#6][CX3H]=[N-,NH2+].[#6][CX3]([#6,O,S])=[N-,NH2+].[N,n][CX3]([O,S])=[NH2+,N-].[#6]O[O-,OH2+].[NH-,NH3+][CX3]=[CX3].[N][F].[NX4+,nX3+][NH3+,NH-].[O,N][CX3](=[S])[S].[#6][SnX4!H0].[#6][CX3](=[N][NH3+,NH-])[#6].[#6][CX3H]=[N][NH3+,NH-].[#6][CX3](=[N][N-,NH2+][CX4])[#6].[#6][CX3H]=[N][N-,NH2+][CX4].[#6][CX3](=[N][N-,NH2+][#6])[#6].[#6][CX3H]=[N][N-,NH2+][#6].[#6][S](=[O])[N-,N+][N]=[CX3H][#6].[#6][S](=[O])[N-,N+][N]=[CX3]([#6])[#6].[#6][CX3](=[N][N+,N-])[#6].[#6][CX3H]=[N][N+,N-].[CX3,N]=[CX3][O-,OH2+,S-,SH2+].[#6][CX3](=[O])[S].[#6][O][CX3](=S)[S].[N,O][CX3](=[O])[O-,OH2+].[C]=[N+]([O])[O-,O+].[O!H0+,N!H0+,S!H0+,Se!H0+,P!H0+]~[#6,N,O,S].[CX3+]	P.AP	P.Non-P	L.rt.H	rx14																												B
Alcoholysis of anhydrides	[#6+0:1][CX3:2](=[OX1:3])[OX2:5][CX3:50](=[OX1:51])[#6+0:52].[OX1-:6][c:7]>>[*:1][C:2](=[O:3])[O+0:6][c:7].[OX2:5][CX3:50](=[OX1:51])[*:52]	WB.B.SB	pyridine		10.1016/S0957-4166(00)00076-8	NA	W.WF	N	F	[OH][CX4][OH0].[#6,NX3][S](=O)(=O)[Cl,Br,I].[NX3H][CX4][OH0].[NX3H2][CX4][OH0].[#6][CX3](=[N][O])[NX3+]([O-])=[O].[#7][CX4][OH].[NX3H][CX4][OH0].[NX3H2][CX4][OH0].[#6][CX3](=[N][O])[NX3+]([O-])=[O].[#7][CX4][OH].[CX4,CX3,CX2][SX2H].[#6][SX3](=O)[OH].[NX3,N][Cl,Br].[CX4,c][SeX2H].[CX4,c][SeX2][SeX2][CX4,c].[#6][SeX3](=O)[#6].[#6][SeX3](=O)[OH].[NX3][N+](=O)[O-].[Sn,Si,P][Cl,Br,I,F].[#6][CX3H]=[NH].[CX3H2]=[N,NX3].[#6][CX3]([#6,O,S])=[NH].[N,n][CX3]([O,S])=[NH].[CX4!H0,CX2][N+](=O)[O-].[#6]O[N+]([O-])=O.[#6,#7][NX2]=O.[#6,O,N,S][CX3](=[O,N])[F,Cl,Br,I].[n][CX3](=[O,S])[n].[CX3][N]=[N+]=[N-].[CX4,c][N+]#[NX1].[#6]O[OH].O=[CX2]=[CX3].[#6][Mg,Cu][*].[#6][Zn][*].[NX3H2][CX3]=[CX3].[#6][Li].[*]N=C=[O].[N+][N-][N+].[O-][N+](=O)CN=[N+]=[N-].[NX4+,nX3+][NH2].[*]N=C=[S].[#6][N+]#[C-].[CX4]1[CX4][CX4][SX2]1.c1cc[o+]cc1.[Sn,P,Si,N][Cl,Br,I,F].[CX4,c][NX3H2].[CX4][NX3H][CX4].[CX3]=[N][OH].c[SX2H].[#6][NX3H][OH].c[SX2H].[#6][B]([OH])[OH].[CX4H2][OH].[c][OH].[CX4H2,CX4H1][I,Br].[CX4H0]I.[#6][NX3H][N+](=[O])[O-].[N]=[N][NX3!H0].[#6][CX3](=O)[O][PX4,SX4,SX3].[CX3](=[O,S])[C]#[N].[#6][CX3](=[N][NX3H2])[#6].[#6][CX3H]=[N][NX3H2].[#6][CX3](=[N][NX3H][CX4])[#6].[#6][CX3H]=[N][NX3H][CX4].[#6][CX3](=[N][NX3H][#6])[#6].[#6][CX3H]=[N][NX3H][#6].[#6][S](=[O])[NX3][N]=[CX3H][#6].[#6][S](=[O])[NX3][N]=[CX3]([#6])[#6].[#6][CX3](=[N][NX3H0])[#6].[#6][CX3H]=[N][NX3H0].[#6][BR0]([OX2][CX4!H0])[OX2][CX4!H0].[#6][BR]([O][CX4H2,c])[OX2][CX4H2,c].[#6][B]([OX2H])[OX2][CX4,c].[#6,N,O][CX3](=O)OC(=N)N.[#6][CX2]#[N+][#6,O].[#6][Pd].[#6][OX2][Mn].[PX4]=[N].[CX3,N]=[CX3][OH,SH].[#6][S]C#N.[NX3][CX3](=[S])[SX2H0].[NX3,OH0][CX3](=[O])[OH].[SX3+].*[CX2H0]*.*[CX2H].[#6][CX3](=S)[#6].[C]=[N+]([O-])[#6,OH].[*][NX3+]1=COC(=O)C1.[CX2,CX3,CX4,O][B]([OH])[OH].[nH,nH0]c[B]([OH])[OH].[CX3]1=[CX3][CX4]1.c=N.[NX4+,PX4+,SeX2,SeX3,Cl][CX4][CX4!H0][CX3,SX4,PX4]=[O].[NX4+,PX4+,SeX2,SeX3,Cl][CX4][CX4!H0][CX2]#[N].c[SX2][CX4][CX4!H0][CX3,SX4,PX4]=[O].c[SX2][CX4][CX4!H0][CX2]#[N].[CX3](=O)[OX2][CX4][CX4!H0][CX3,SX4,PX4]=[O].[CX3](=O)[OX2][CX4][CX4!H0][CX2]#[N].[O-,OH2+][CX4][O].[OH][CX4][O+].[N-,NH2+][CX4][O].[NX3H][CX4][O-,O+].[NH3+,NH-][CX4][O].[#7][CX4][O-,OH2+].[N-,NH2+][CX4][O].[NX3H][CX4][O-,O+].[NH3+,NH-][CX4][O].[#7][CX4][O-,OH2+].[#6,N][CX3](=O)[O][CX3](=O)[#6,N].[*][S][S][*].[CX4]([S]1)[CX4]1.[N][F].[#6][SeX3](=O)[O-,OH2+].[N+,N-][N+](=O)[O-].[CX4,c][S,Se][Cl,Br,I].[#6][CX3H]=[N-,NH2+].[#6][CX3]([#6,O,S])=[N-,NH2+].[N,n][CX3]([O,S])=[NH2+,N-].[C-][N+](=O)[O-].[#6]O[O-,OH2+].[NH-,NH3+][CX3]=[CX3].[N][F].[NX4+,nX3+][NH3+,NH-].[O,N][CX3](=[S])[S].[#6][SnX4!H0].[CX4][NH2+,N-][CX4].[#6][N][N].c[S-,SH2+].[#6][NX3H,NH2+,N-][O-,OH2+].c[S-,SH2+].[#6][B]([O-,OH2+])[O-,OH2+].[CX4H2][O-].[CX4H2][OH2+].[c][O-].[c][OH2+].[#6][N-,NH2+][N+](=[O])[O-].[N]=[N][N-,N!H0+].[#6][CX3](=[N][NH3+,NH-])[#6].[#6][CX3H]=[N][NH3+,NH-].[#6][CX3](=[N][N-,NH2+][CX4])[#6].[#6][CX3H]=[N][N-,NH2+][CX4].[#6][CX3](=[N][N-,NH2+][#6])[#6].[#6][CX3H]=[N][N-,NH2+][#6].[#6][S](=[O])[N-,N+][N]=[CX3H][#6].[#6][S](=[O])[N-,N+][N]=[CX3]([#6])[#6].[#6][CX3](=[N][N+,N-])[#6].[#6][CX3H]=[N][N+,N-].[CX3,N]=[CX3][O-,OH2+,S-,SH2+].[#6][CX3](=[O])[S].[#6][O][CX3](=S)[S].[N,O][CX3](=[O])[O-,OH2+].[C]=[N+]([O])[O-,O+].[NX4+,PX4+,SeX2,SeX3,Cl][CX4][C-][CX3,SX4,PX4]=[O].[NX4+,PX4+,SeX2,SeX3,Cl][CX4][C-][CX2]#[N].c[SX2][CX4][C-][CX3,SX4,PX4]=[O].c[SX2][CX4][C-][CX2]#[N].[CX3](=O)[OX2][CX4][C-][CX3,SX4,PX4]=[O].[CX3](=O)[OX2][CX4][C-][CX2]#[N].[O!H0+,N!H0+,S!H0+,Se!H0+,P!H0+]~[#6,N,O,S].[CX3+]	P.AP	P.Non-P	L.rt.H	rx15																												Y
